time_s,steer,throttle,cte,speed,hit
0.081,0.000,0.000,1.9383,0.0000,none
0.119,0.000,0.000,1.9383,0.0000,none
0.168,0.000,0.000,1.9383,0.0000,none
0.218,0.000,0.000,1.9383,0.0000,none
0.269,0.000,0.000,1.9383,0.0000,none
0.318,0.000,0.000,1.9383,0.0000,none
0.370,0.000,0.000,1.9383,0.0000,none
0.418,0.000,0.000,1.9383,0.0000,none
0.470,0.000,0.000,1.9383,0.0000,none
0.519,0.000,0.000,1.9383,0.0000,none
0.570,0.000,0.000,1.9383,0.0000,none
0.621,0.000,0.000,1.9383,0.0000,none
0.671,0.000,0.000,1.9383,0.0000,none
0.721,0.000,0.000,1.9383,0.0000,none
0.770,0.000,0.000,1.9383,0.0000,none
0.819,0.000,0.000,1.9383,0.0000,none
0.871,0.000,0.000,1.9383,0.0000,none
0.919,0.000,0.000,1.9383,0.0000,none
0.970,0.000,0.000,1.9383,0.0000,none
1.018,0.000,0.000,1.9383,0.0000,none
1.070,0.000,0.000,1.9383,0.0000,none
1.119,0.000,0.000,1.9383,0.0000,none
1.170,0.000,0.000,1.9383,0.0000,none
1.219,0.000,0.000,1.9383,0.0000,none
1.271,0.000,0.000,1.9383,0.0000,none
1.319,0.000,0.000,1.9383,0.0000,none
1.371,0.000,0.000,1.9383,0.0000,none
1.420,0.000,0.000,1.9383,0.0000,none
1.470,0.000,0.000,1.9383,0.0000,none
1.519,0.000,0.000,1.9383,0.0000,none
1.570,0.000,0.000,1.9383,0.0000,none
1.622,0.000,0.000,1.9383,0.0000,none
1.671,0.000,0.000,1.9383,0.0000,none
1.721,0.000,0.000,1.9383,0.0000,none
1.771,0.000,0.000,1.9383,0.0000,none
1.820,0.000,0.000,1.9383,0.0000,none
1.873,0.000,0.000,1.9383,0.0000,none
1.924,0.000,0.000,1.9383,0.0000,none
1.973,0.000,0.000,1.9383,0.0000,none
2.022,0.000,0.000,1.9383,0.0000,none
2.073,0.000,0.000,1.9383,0.0000,none
2.123,0.000,0.000,1.9383,0.0000,none
2.172,0.000,0.000,1.9383,0.0000,none
2.224,0.000,0.000,1.9383,0.0000,none
2.275,0.000,0.000,1.9383,0.0000,none
2.325,0.000,0.000,1.9383,0.0000,none
2.374,0.000,0.000,1.9383,0.0000,none
2.425,0.000,0.000,1.9383,0.0000,none
2.477,0.000,0.000,1.9383,0.0000,none
2.526,0.000,0.000,1.9383,0.0000,none
2.577,0.000,0.000,1.9383,0.0000,none
2.626,0.000,0.000,1.9383,0.0000,none
2.676,0.000,0.000,1.9383,0.0000,none
2.726,0.000,0.000,1.9383,0.0000,none
2.776,0.000,0.000,1.9383,0.0000,none
2.827,0.000,0.000,1.9383,0.0000,none
2.876,0.000,0.000,1.9383,0.0000,none
2.926,0.000,0.000,1.9383,0.0000,none
2.977,0.000,0.050,1.9384,0.0048,none
3.027,0.000,0.050,1.9386,0.0106,none
3.076,0.000,0.050,1.9387,0.0179,none
3.127,0.000,0.050,1.9388,0.0259,none
3.177,0.000,0.050,1.9389,0.0290,none
3.226,0.000,0.050,1.9392,0.0345,none
3.278,0.000,0.050,1.9395,0.0442,none
3.328,0.000,0.050,1.9395,0.0514,none
3.377,0.000,0.050,1.9394,0.0531,none
3.429,0.000,0.050,1.9393,0.0632,none
3.479,0.000,0.100,1.9392,0.0680,none
3.529,0.000,0.100,1.9390,0.0808,none
3.578,0.000,0.100,1.9385,0.0932,none
3.629,0.000,0.100,1.9382,0.1051,none
3.678,0.000,0.100,1.9378,0.1175,none
3.729,0.000,0.100,1.9421,0.1289,none
3.779,0.000,0.100,1.9413,0.1405,none
3.829,0.000,0.100,1.9404,0.1520,none
3.879,0.000,0.150,1.9395,0.1656,none
3.927,0.000,0.150,1.9384,0.1833,none
3.979,0.000,0.150,1.9372,0.2007,none
4.030,0.000,0.150,1.9359,0.2180,none
4.081,0.000,0.150,1.9345,0.2351,none
4.130,0.000,0.150,1.9329,0.2521,none
4.181,0.000,0.150,1.9312,0.2688,none
4.231,0.000,0.150,1.9294,0.2854,none
4.281,0.000,0.150,1.9275,0.3019,none
4.330,0.000,0.150,1.9255,0.3181,none
4.384,0.000,0.150,1.9234,0.3342,none
4.434,0.000,0.150,1.9212,0.3501,none
4.484,0.000,0.150,1.9188,0.3659,none
4.533,0.000,0.150,1.9164,0.3815,none
4.583,0.000,0.150,1.9138,0.3969,none
4.634,0.000,0.150,1.9171,0.4122,none
4.683,0.000,0.150,1.9128,0.4274,none
4.734,0.000,0.150,1.9084,0.4423,none
4.786,0.000,0.150,1.9039,0.4572,none
4.818,0.000,0.150,1.8992,0.4718,none
4.869,0.000,0.150,1.8943,0.4864,none
4.919,0.000,0.150,1.8893,0.5007,none
4.971,0.000,0.150,1.8842,0.5150,none
5.020,0.000,0.150,1.8789,0.5291,none
5.071,0.000,0.150,1.8735,0.5430,none
5.121,0.000,0.150,1.8696,0.5568,none
5.170,0.000,0.150,1.8632,0.5705,none
5.220,0.000,0.150,1.8566,0.5840,none
5.269,0.000,0.150,1.8499,0.5974,none
5.320,0.000,0.150,1.8431,0.6106,none
5.369,0.000,0.150,1.8361,0.6237,none
5.421,0.000,0.150,1.8290,0.6365,none
5.472,0.000,0.150,1.8264,0.6497,none
5.522,0.000,0.150,1.8167,0.6624,none
5.570,0.000,0.150,1.8069,0.6749,none
5.621,0.000,0.150,1.7970,0.6874,none
5.673,0.000,0.150,1.7868,0.6997,none
5.724,0.000,0.150,1.7765,0.7119,none
5.773,0.000,0.150,1.7660,0.7240,none
5.823,0.000,0.150,1.7579,0.7359,none
5.874,0.000,0.150,1.7455,0.7477,none
5.924,0.000,0.150,1.7329,0.7594,none
5.975,0.000,0.150,1.7202,0.7710,none
6.023,0.000,0.150,1.7072,0.7825,none
6.074,0.000,0.150,1.6941,0.7938,none
6.123,0.000,0.150,1.6827,0.8051,none
6.174,0.000,0.150,1.6678,0.8162,none
6.222,0.000,0.150,1.6526,0.8272,none
6.274,0.000,0.150,1.6373,0.8381,none
6.325,0.000,0.150,1.6218,0.8489,none
6.376,0.000,0.150,1.6108,0.8596,none
6.425,0.000,0.150,1.5920,0.8701,none
6.474,0.000,0.150,1.5729,0.8806,none
6.525,0.000,0.150,1.5536,0.8910,none
6.575,0.000,0.150,1.5342,0.9012,none
6.626,0.000,0.150,1.5145,0.9113,none
6.675,0.000,0.150,1.4953,0.9214,none
6.725,0.000,0.150,1.4740,0.9313,none
6.777,0.000,0.150,1.4524,0.9412,none
6.826,0.000,0.150,1.4307,0.9509,none
6.875,0.000,0.150,1.4127,0.9605,none
6.924,0.000,0.150,1.3874,0.9701,none
6.976,0.000,0.150,1.3620,0.9795,none
7.024,0.000,0.150,1.3363,0.9889,none
7.076,0.000,0.150,1.3103,0.9981,none
7.124,0.000,0.150,1.2860,1.0073,none
7.175,0.000,0.150,1.2573,1.0163,none
7.224,0.000,0.150,1.2284,1.0253,none
7.275,0.000,0.150,1.1992,1.0342,none
7.326,0.000,0.150,1.1698,1.0430,none
7.376,0.000,0.150,1.1405,1.0517,none
7.426,0.000,0.150,1.1088,1.0603,none
7.479,0.000,0.150,1.0768,1.0688,none
7.528,0.000,0.150,1.0446,1.0773,none
7.578,0.000,0.150,1.0136,1.0856,none
7.628,0.000,0.150,0.9769,1.0939,none
7.676,0.000,0.150,0.9399,1.1021,none
7.727,0.000,0.150,0.9026,1.1101,none
7.780,0.000,0.150,0.8663,1.1182,none
7.829,0.000,0.150,0.8260,1.1261,none
7.879,0.000,0.150,0.7853,1.1339,none
7.931,0.000,0.150,0.7444,1.1417,none
7.980,0.000,0.150,0.7045,1.1494,none
8.030,0.000,0.150,0.6602,1.1570,none
8.082,0.000,0.150,0.6157,1.1646,none
8.130,0.000,0.150,0.5709,1.1720,none
8.181,0.000,0.150,0.5270,1.1794,none
8.230,0.000,0.150,0.4779,1.1867,none
8.282,0.000,0.150,0.4285,1.1939,none
8.331,0.000,0.150,0.3788,1.2011,none
8.381,0.000,0.150,0.3292,1.2082,none
8.431,0.000,0.150,0.2749,1.2152,none
8.481,0.000,0.150,0.2204,1.2221,none
8.532,0.000,0.150,0.1689,1.2290,none
8.581,0.000,0.150,0.1095,1.2358,none
8.632,0.000,0.150,0.0499,1.2425,none
8.683,0.000,0.150,-0.0100,1.2492,none
8.734,0.000,0.150,-0.0714,1.2557,none
8.784,0.000,0.150,-0.1292,1.2623,none
8.833,0.000,0.150,-0.1872,1.2687,none
8.885,0.000,0.150,-0.2455,1.2751,none
8.935,0.000,0.150,-0.3041,1.2814,none
8.983,0.000,0.150,-0.3453,1.2877,none
9.033,0.000,0.150,-0.3868,1.2939,none
9.083,0.000,0.150,-0.4352,1.3000,none
9.134,0.000,0.150,-0.4629,1.3061,none
9.185,0.000,0.150,-0.4907,1.3121,none
9.234,0.000,0.150,-0.5186,1.3180,none
9.286,0.000,0.150,-0.5458,1.3239,none
9.334,0.000,0.150,-0.5653,1.3297,none
9.385,0.000,0.150,-0.5848,1.3355,none
9.434,0.000,0.150,-0.6061,1.3412,none
9.486,0.000,0.150,-0.6193,1.3468,none
9.536,0.000,0.150,-0.6326,1.3524,none
9.571,0.000,0.150,-0.6463,1.3579,none
9.620,0.000,0.150,-0.6588,1.3634,none
9.670,0.000,0.150,-0.6713,1.3688,none
9.720,0.000,0.150,-0.6838,1.3741,none
9.770,0.000,0.150,-0.6964,1.3794,none
9.822,0.000,0.150,-0.7089,1.3847,none
9.869,0.000,0.150,-0.7215,1.3899,none
9.920,0.000,0.150,-0.7341,1.3950,none
9.971,0.000,0.150,-0.7467,1.4001,none
10.019,0.000,0.150,-0.7594,1.4051,none
10.070,0.000,0.150,-0.7720,1.4101,none
10.121,0.000,0.150,-0.7847,1.4150,none
10.169,0.000,0.150,-0.7975,1.4199,none
10.223,0.000,0.150,-0.8055,1.4247,none
10.271,0.000,0.150,-0.8268,1.4295,none
10.321,0.000,0.150,-0.8482,1.4342,none
10.371,0.000,0.150,-0.8696,1.4389,none
10.421,0.000,0.150,-0.8930,1.4436,none
10.473,0.000,0.150,-0.9217,1.4481,none
10.521,0.000,0.150,-0.9505,1.4527,none
10.573,0.000,0.150,-0.9807,1.4572,none
10.620,0.000,0.150,-1.0200,1.4616,none
10.673,0.000,0.150,-1.0593,1.4660,none
10.722,0.000,0.150,-1.0988,1.4703,none
10.771,0.000,0.150,-1.1510,1.4746,none
10.820,0.000,0.150,-1.2034,1.4789,none
10.873,0.000,0.150,-1.2542,1.4831,none
10.922,0.000,0.150,-1.3226,1.4873,none
10.971,0.000,0.150,-1.3911,1.4914,none
11.023,0.000,0.150,-1.4553,1.4955,none
11.073,0.000,0.150,-1.5440,1.4995,none
11.123,0.000,0.150,-1.6329,1.5035,none
11.173,0.000,0.150,-1.7127,1.5075,none
11.224,0.000,0.150,-1.8275,1.5114,none
11.275,0.000,0.150,-1.9425,1.5153,none
11.323,0.000,0.150,-2.0409,1.5191,none
11.376,0.000,0.150,-2.1869,1.5229,none
11.425,0.000,0.150,-2.3333,1.5267,none
11.475,0.000,0.150,-2.4800,1.5304,none
11.527,0.000,0.150,-2.6335,1.5340,none
11.574,0.000,0.150,-2.8211,1.5377,none
11.625,0.000,0.150,-3.0092,1.5413,none
11.676,0.000,0.150,-3.1824,1.5448,none
11.725,0.000,0.150,-3.4211,1.5484,none
11.776,0.000,0.150,-3.6603,1.5519,none
11.826,0.000,0.150,-3.9000,1.5553,none
11.877,0.000,0.150,-4.1338,1.5587,none
11.926,0.000,0.150,-4.2287,1.2702,RepeatObjectAlong
11.978,0.000,0.150,-4.3326,1.2145,RepeatObjectAlong
12.026,0.000,0.150,-4.4142,1.1495,RepeatObjectAlong
12.075,0.000,0.150,-4.4107,1.1130,RepeatObjectAlong
12.126,0.000,0.150,-4.2955,0.4419,RepeatObjectAlong
12.178,0.000,0.150,-4.2592,0.3209,RepeatObjectAlong
12.227,0.000,0.150,-4.2483,0.1809,RepeatObjectAlong
12.278,0.000,0.150,-4.2466,0.0445,RepeatObjectAlong
12.326,0.000,0.150,-4.2463,0.0134,RepeatObjectAlong
12.377,0.000,0.150,-4.2458,0.0046,RepeatObjectAlong
12.428,0.000,0.150,-4.2458,0.0013,RepeatObjectAlong
12.479,0.000,0.150,-4.2458,0.0040,RepeatObjectAlong
12.527,0.000,0.150,-4.2458,0.0040,RepeatObjectAlong
12.577,0.000,0.150,-4.2457,0.0027,RepeatObjectAlong
12.630,0.000,0.150,-4.2457,0.0062,RepeatObjectAlong
12.679,0.000,0.150,-4.2456,0.0031,RepeatObjectAlong
12.728,0.000,0.150,-4.2456,0.0029,RepeatObjectAlong
12.779,0.000,0.150,-4.2456,0.0003,RepeatObjectAlong
12.828,0.000,0.150,-4.2455,0.0026,RepeatObjectAlong
12.878,0.000,0.150,-4.2455,0.0028,RepeatObjectAlong
12.931,0.000,0.150,-4.2455,0.0070,RepeatObjectAlong
12.981,0.000,0.150,-4.2454,0.0013,RepeatObjectAlong
13.031,0.000,0.150,-4.2454,0.0012,RepeatObjectAlong
13.080,0.000,0.150,-4.2454,0.0024,RepeatObjectAlong
13.130,0.000,0.150,-4.2454,0.0029,RepeatObjectAlong
13.181,0.000,0.150,-4.2454,0.0031,RepeatObjectAlong
13.231,0.000,0.150,-4.2453,0.0041,RepeatObjectAlong
13.280,0.000,0.150,-4.2453,0.0027,RepeatObjectAlong
13.331,0.000,0.150,-4.2453,0.0039,RepeatObjectAlong
13.380,0.000,0.150,-4.2452,0.0032,RepeatObjectAlong
13.433,0.000,0.150,-4.2453,0.0056,RepeatObjectAlong
13.481,0.000,0.150,-4.2453,0.0024,RepeatObjectAlong
13.531,0.000,0.150,-4.2452,0.0022,RepeatObjectAlong
13.583,0.000,0.150,-4.2452,0.0059,RepeatObjectAlong
13.631,0.000,0.150,-4.2453,0.0085,RepeatObjectAlong
13.682,0.000,0.150,-4.2453,0.0023,RepeatObjectAlong
13.730,0.000,0.150,-4.2453,0.0037,RepeatObjectAlong
13.781,0.000,0.150,-4.2453,0.0024,RepeatObjectAlong
13.831,0.000,0.150,-4.2453,0.0072,RepeatObjectAlong
13.880,0.000,0.150,-4.2453,0.0066,RepeatObjectAlong
13.934,0.000,0.150,-4.2453,0.0039,RepeatObjectAlong
13.982,0.000,0.150,-4.2453,0.0073,RepeatObjectAlong
14.033,0.000,0.150,-4.2453,0.0039,RepeatObjectAlong
14.081,0.000,0.150,-4.2453,0.0035,RepeatObjectAlong
14.131,0.000,0.150,-4.2454,0.0017,RepeatObjectAlong
14.182,0.000,0.150,-4.2454,0.0009,RepeatObjectAlong
14.232,0.000,0.150,-4.2453,0.0020,RepeatObjectAlong
14.282,0.000,0.150,-4.2454,0.0051,RepeatObjectAlong
14.333,0.000,0.150,-4.2454,0.0019,RepeatObjectAlong
14.384,0.000,0.150,-4.2454,0.0008,RepeatObjectAlong
14.435,0.000,0.150,-4.2455,0.0041,RepeatObjectAlong
14.484,0.000,0.150,-4.2456,0.0080,RepeatObjectAlong
14.537,0.000,0.150,-4.2456,0.0065,RepeatObjectAlong
14.583,0.000,0.150,-4.2456,0.0052,RepeatObjectAlong
14.635,0.000,0.150,-4.2457,0.0053,RepeatObjectAlong
14.684,0.000,0.150,-4.2457,0.0029,RepeatObjectAlong
14.733,0.000,0.150,-4.2458,0.0041,RepeatObjectAlong
14.785,0.000,0.150,-4.2459,0.0015,RepeatObjectAlong
14.835,0.000,0.150,-4.2459,0.0044,RepeatObjectAlong
14.885,0.000,0.150,-4.2460,0.0071,RepeatObjectAlong
14.936,0.000,0.150,-4.2460,0.0047,RepeatObjectAlong
14.986,0.000,0.150,-4.2461,0.0043,RepeatObjectAlong
15.034,0.000,0.150,-4.2461,0.0011,RepeatObjectAlong
15.087,0.000,0.150,-4.2462,0.0014,RepeatObjectAlong
15.135,0.000,0.150,-4.2464,0.0045,RepeatObjectAlong
15.171,0.000,0.150,-4.2465,0.0059,RepeatObjectAlong
15.236,0.000,0.150,-4.2465,0.0028,RepeatObjectAlong
15.271,0.000,0.150,-4.2466,0.0014,RepeatObjectAlong
15.321,0.000,0.150,-4.2466,0.0030,RepeatObjectAlong
15.370,0.000,0.150,-4.2467,0.0039,RepeatObjectAlong
15.420,0.000,0.150,-4.2468,0.0025,RepeatObjectAlong
15.469,0.000,0.150,-4.2469,0.0026,RepeatObjectAlong
15.520,0.000,0.150,-4.2470,0.0055,RepeatObjectAlong
15.569,0.000,0.150,-4.2472,0.0031,RepeatObjectAlong
15.622,0.000,0.150,-4.2473,0.0020,RepeatObjectAlong
15.673,0.000,0.150,-4.2473,0.0042,RepeatObjectAlong
15.722,0.000,0.150,-4.2475,0.0031,RepeatObjectAlong
15.772,0.000,0.150,-4.2476,0.0036,RepeatObjectAlong
15.823,0.000,0.150,-4.2477,0.0075,RepeatObjectAlong
15.871,0.000,0.150,-4.2477,0.0033,RepeatObjectAlong
15.922,0.000,0.150,-4.2479,0.0075,RepeatObjectAlong
15.973,0.000,0.150,-4.2480,0.0024,RepeatObjectAlong
16.023,0.000,0.150,-4.2481,0.0035,RepeatObjectAlong
16.075,0.000,0.150,-4.2482,0.0065,RepeatObjectAlong
16.123,0.000,0.150,-4.2483,0.0023,RepeatObjectAlong
16.174,0.000,0.150,-4.2484,0.0018,RepeatObjectAlong
16.225,0.000,0.150,-4.2484,0.0013,RepeatObjectAlong
16.274,0.000,0.150,-4.2486,0.0071,RepeatObjectAlong
16.325,0.000,0.150,-4.2489,0.0051,RepeatObjectAlong
16.374,0.000,0.150,-4.2490,0.0018,RepeatObjectAlong
16.422,0.000,0.150,-4.2493,0.0094,RepeatObjectAlong
16.474,0.000,0.150,-4.2494,0.0023,RepeatObjectAlong
16.524,0.000,0.150,-4.2495,0.0014,RepeatObjectAlong
16.574,0.000,0.150,-4.2496,0.0028,RepeatObjectAlong
16.623,0.000,0.150,-4.2497,0.0015,RepeatObjectAlong
16.675,0.000,0.150,-4.2498,0.0048,RepeatObjectAlong
16.724,0.000,0.150,-4.2500,0.0054,RepeatObjectAlong
16.775,0.000,0.150,-4.2502,0.0088,RepeatObjectAlong
16.826,0.000,0.150,-4.2504,0.0025,RepeatObjectAlong
16.876,0.000,0.150,-4.2507,0.0063,RepeatObjectAlong
16.924,0.000,0.150,-4.2509,0.0049,RepeatObjectAlong
16.974,0.000,0.150,-4.2510,0.0047,RepeatObjectAlong
17.026,0.000,0.150,-4.2511,0.0017,RepeatObjectAlong
17.074,0.000,0.150,-4.2514,0.0052,RepeatObjectAlong
17.125,0.000,0.150,-4.2515,0.0022,RepeatObjectAlong
17.174,0.000,0.150,-4.2516,0.0045,RepeatObjectAlong
17.223,0.000,0.150,-4.2518,0.0037,RepeatObjectAlong
17.274,0.000,0.150,-4.2519,0.0051,RepeatObjectAlong
17.324,0.000,0.150,-4.2521,0.0017,RepeatObjectAlong
17.376,0.000,0.150,-4.2520,0.0004,RepeatObjectAlong
17.426,0.000,0.150,-4.2523,0.0031,RepeatObjectAlong
17.476,0.000,0.150,-4.2526,0.0053,RepeatObjectAlong
17.527,0.000,0.150,-4.2529,0.0047,RepeatObjectAlong
17.574,0.000,0.150,-4.2532,0.0066,RepeatObjectAlong
17.624,0.000,0.150,-4.2534,0.0052,RepeatObjectAlong
17.676,0.000,0.150,-4.2536,0.0036,RepeatObjectAlong
17.725,0.000,0.150,-4.2539,0.0058,RepeatObjectAlong
17.774,0.000,0.150,-4.2541,0.0065,RepeatObjectAlong
17.826,0.000,0.150,-4.2543,0.0033,RepeatObjectAlong
17.878,0.000,0.150,-4.2545,0.0014,RepeatObjectAlong
17.926,0.000,0.150,-4.2547,0.0041,RepeatObjectAlong
17.977,0.000,0.150,-4.2549,0.0055,RepeatObjectAlong
18.026,0.000,0.150,-4.2552,0.0057,RepeatObjectAlong
18.077,0.000,0.150,-4.2554,0.0011,RepeatObjectAlong
18.127,0.000,0.150,-4.2556,0.0037,RepeatObjectAlong
18.176,0.000,0.150,-4.2559,0.0050,RepeatObjectAlong
18.229,0.000,0.150,-4.2561,0.0034,RepeatObjectAlong
18.276,0.000,0.150,-4.2562,0.0037,RepeatObjectAlong
18.326,0.000,0.150,-4.2564,0.0024,RepeatObjectAlong
18.376,0.000,0.150,-4.2566,0.0018,RepeatObjectAlong
18.428,0.000,0.150,-4.2569,0.0045,RepeatObjectAlong
18.478,0.000,0.150,-4.2570,0.0056,RepeatObjectAlong
18.527,0.000,0.150,-4.2573,0.0034,RepeatObjectAlong
18.577,0.000,0.150,-4.2574,0.0016,RepeatObjectAlong
18.629,0.000,0.150,-4.2576,0.0005,RepeatObjectAlong
18.678,0.000,0.150,-4.2578,0.0057,RepeatObjectAlong
18.730,0.000,0.150,-4.2581,0.0013,RepeatObjectAlong
18.779,0.000,0.150,-4.2583,0.0018,RepeatObjectAlong
18.828,0.000,0.150,-4.2586,0.0028,RepeatObjectAlong
18.881,0.000,0.150,-4.2588,0.0045,RepeatObjectAlong
18.929,0.000,0.150,-4.2593,0.0085,RepeatObjectAlong
18.981,0.000,0.150,-4.2595,0.0052,RepeatObjectAlong
19.031,0.000,0.150,-4.2596,0.0044,RepeatObjectAlong
19.080,0.000,0.150,-4.2601,0.0046,RepeatObjectAlong
19.128,0.000,0.150,-4.2604,0.0064,RepeatObjectAlong
19.179,0.000,0.150,-4.2607,0.0038,RepeatObjectAlong
19.232,0.000,0.150,-4.2610,0.0052,RepeatObjectAlong
19.281,0.000,0.150,-4.2611,0.0018,RepeatObjectAlong
19.330,0.000,0.150,-4.2616,0.0079,RepeatObjectAlong
19.381,0.000,0.150,-4.2619,0.0030,RepeatObjectAlong
19.431,0.000,0.150,-4.2623,0.0084,RepeatObjectAlong
19.481,0.000,0.150,-4.2625,0.0021,RepeatObjectAlong
19.531,0.000,0.150,-4.2626,0.0013,RepeatObjectAlong
19.581,0.000,0.150,-4.2631,0.0062,RepeatObjectAlong
19.633,0.000,0.150,-4.2634,0.0060,RepeatObjectAlong
19.683,0.000,0.150,-4.2636,0.0019,RepeatObjectAlong
19.732,0.000,0.150,-4.2639,0.0012,RepeatObjectAlong
19.783,0.000,0.150,-4.2643,0.0057,RepeatObjectAlong
19.834,0.000,0.150,-4.2646,0.0026,RepeatObjectAlong
19.884,0.000,0.150,-4.2649,0.0018,RepeatObjectAlong
19.934,0.000,0.150,-4.2654,0.0089,RepeatObjectAlong
19.982,0.000,0.150,-4.2655,0.0022,RepeatObjectAlong
20.033,0.000,0.150,-4.2658,0.0029,RepeatObjectAlong
20.084,0.000,0.150,-4.2661,0.0035,RepeatObjectAlong
20.134,0.000,0.150,-4.2664,0.0060,RepeatObjectAlong
20.182,0.000,0.150,-4.2665,0.0008,RepeatObjectAlong
20.232,0.000,0.150,-4.2667,0.0009,RepeatObjectAlong
20.285,0.000,0.150,-4.2671,0.0053,RepeatObjectAlong
20.336,0.000,0.150,-4.2673,0.0045,RepeatObjectAlong
20.383,0.000,0.150,-4.2676,0.0016,RepeatObjectAlong
20.433,0.000,0.150,-4.2679,0.0065,RepeatObjectAlong
20.484,0.000,0.150,-4.2684,0.0026,RepeatObjectAlong
20.520,0.000,0.150,-4.2689,0.0042,RepeatObjectAlong
20.571,0.000,0.150,-4.2692,0.0050,RepeatObjectAlong
20.621,0.000,0.150,-4.2697,0.0045,RepeatObjectAlong
20.670,0.000,0.150,-4.2699,0.0033,RepeatObjectAlong
20.718,0.000,0.150,-4.2701,0.0013,RepeatObjectAlong
20.768,0.000,0.150,-4.2706,0.0034,RepeatObjectAlong
20.821,0.000,0.150,-4.2710,0.0024,RepeatObjectAlong
20.869,0.000,0.150,-4.2714,0.0028,RepeatObjectAlong
20.919,0.000,0.150,-4.2719,0.0046,RepeatObjectAlong
20.971,0.000,0.150,-4.2723,0.0018,RepeatObjectAlong
21.020,0.000,0.150,-4.2726,0.0069,RepeatObjectAlong
21.071,0.000,0.150,-4.2733,0.0089,RepeatObjectAlong
21.121,0.000,0.150,-4.2736,0.0050,RepeatObjectAlong
21.170,0.000,0.150,-4.2739,0.0039,RepeatObjectAlong
21.219,0.000,0.150,-4.2742,0.0051,RepeatObjectAlong
21.271,0.000,0.150,-4.2745,0.0053,RepeatObjectAlong
21.321,0.000,0.150,-4.2747,0.0020,RepeatObjectAlong
21.371,0.000,0.150,-4.2749,0.0063,RepeatObjectAlong
21.423,0.000,0.150,-4.2755,0.0064,RepeatObjectAlong
21.476,0.000,0.150,-4.2758,0.0036,RepeatObjectAlong
21.526,0.000,0.150,-4.2763,0.0050,RepeatObjectAlong
21.574,0.000,0.150,-4.2770,0.0064,RepeatObjectAlong
21.626,0.000,0.150,-4.2774,0.0039,RepeatObjectAlong
21.675,0.000,0.150,-4.2779,0.0015,RepeatObjectAlong
21.726,0.000,0.150,-4.2783,0.0054,RepeatObjectAlong
21.776,0.000,0.150,-4.2786,0.0024,RepeatObjectAlong
21.827,0.000,0.150,-4.2791,0.0024,RepeatObjectAlong
21.875,0.000,0.150,-4.2793,0.0016,RepeatObjectAlong
21.926,0.000,0.150,-4.2796,0.0025,RepeatObjectAlong
21.976,0.000,0.150,-4.2802,0.0070,RepeatObjectAlong
22.026,0.000,0.150,-4.2808,0.0029,RepeatObjectAlong
22.075,0.000,0.150,-4.2814,0.0086,RepeatObjectAlong
22.126,0.000,0.150,-4.2816,0.0025,RepeatObjectAlong
22.175,0.000,0.150,-4.2822,0.0051,RepeatObjectAlong
22.226,0.000,0.150,-4.2829,0.0050,RepeatObjectAlong
22.276,0.000,0.150,-4.2832,0.0010,RepeatObjectAlong
22.325,0.000,0.150,-4.2834,0.0025,RepeatObjectAlong
22.376,0.000,0.150,-4.2838,0.0037,RepeatObjectAlong
22.426,0.000,0.150,-4.2843,0.0026,RepeatObjectAlong
22.478,0.000,0.150,-4.2849,0.0041,RepeatObjectAlong
22.530,0.000,0.150,-4.2855,0.0062,RepeatObjectAlong
22.577,0.000,0.150,-4.2860,0.0042,RepeatObjectAlong
22.628,0.000,0.150,-4.2862,0.0008,RepeatObjectAlong
22.681,0.000,0.150,-4.2869,0.0036,RepeatObjectAlong
22.728,0.000,0.150,-4.2875,0.0075,RepeatObjectAlong
22.780,0.000,0.150,-4.2877,0.0048,RepeatObjectAlong
22.829,0.000,0.150,-4.2884,0.0070,RepeatObjectAlong
22.880,0.000,0.150,-4.2892,0.0058,RepeatObjectAlong
22.927,0.000,0.150,-4.2898,0.0021,RepeatObjectAlong
22.979,0.000,0.150,-4.2902,0.0053,RepeatObjectAlong
23.028,0.000,0.150,-4.2906,0.0025,RepeatObjectAlong
23.079,0.000,0.150,-4.2911,0.0039,RepeatObjectAlong
23.129,0.000,0.150,-4.2914,0.0011,RepeatObjectAlong
23.180,0.000,0.150,-4.2919,0.0055,RepeatObjectAlong
23.229,0.000,0.150,-4.2923,0.0022,RepeatObjectAlong
23.281,0.000,0.150,-4.2927,0.0016,RepeatObjectAlong
23.330,0.000,0.150,-4.2933,0.0104,RepeatObjectAlong
23.381,0.000,0.150,-4.2940,0.0037,RepeatObjectAlong
23.430,0.000,0.150,-4.2947,0.0020,RepeatObjectAlong
23.479,0.000,0.150,-4.2949,0.0029,RepeatObjectAlong
23.531,0.000,0.150,-4.2954,0.0058,RepeatObjectAlong
23.579,0.000,0.150,-4.2961,0.0059,RepeatObjectAlong
23.631,0.000,0.150,-4.2966,0.0031,RepeatObjectAlong
23.681,0.000,0.150,-4.2972,0.0047,RepeatObjectAlong
23.732,0.000,0.150,-4.2979,0.0044,RepeatObjectAlong
23.783,0.000,0.150,-4.2982,0.0077,RepeatObjectAlong
23.832,0.000,0.150,-4.2992,0.0051,RepeatObjectAlong
23.881,0.000,0.150,-4.2998,0.0039,RepeatObjectAlong
23.930,0.000,0.150,-4.3001,0.0057,RepeatObjectAlong
23.984,0.000,0.150,-4.3006,0.0019,RepeatObjectAlong
24.033,0.000,0.150,-4.3010,0.0032,RepeatObjectAlong
24.081,0.000,0.150,-4.3012,0.0008,RepeatObjectAlong
24.133,0.000,0.150,-4.3019,0.0065,RepeatObjectAlong
24.183,0.000,0.150,-4.3027,0.0054,RepeatObjectAlong
24.233,0.000,0.150,-4.3031,0.0062,RepeatObjectAlong
24.282,0.000,0.150,-4.3032,0.0022,RepeatObjectAlong
24.333,0.000,0.150,-4.3037,0.0025,RepeatObjectAlong
24.381,0.000,0.150,-4.3040,0.0019,RepeatObjectAlong
24.433,0.000,0.150,-4.3047,0.0059,RepeatObjectAlong
24.482,0.000,0.150,-4.3054,0.0043,RepeatObjectAlong
24.532,0.000,0.150,-4.3055,0.0019,RepeatObjectAlong
24.585,0.000,0.150,-4.3064,0.0037,RepeatObjectAlong
24.634,0.000,0.150,-4.3068,0.0052,RepeatObjectAlong
24.684,0.000,0.150,-4.3070,0.0013,RepeatObjectAlong
24.734,0.000,0.150,-4.3076,0.0012,RepeatObjectAlong
24.782,0.000,0.150,-4.3083,0.0036,RepeatObjectAlong
24.834,0.000,0.150,-4.3091,0.0058,RepeatObjectAlong
24.883,0.000,0.150,-4.3095,0.0023,RepeatObjectAlong
24.933,0.000,0.150,-4.3097,0.0027,RepeatObjectAlong
24.984,0.000,0.150,-4.3104,0.0084,RepeatObjectAlong
25.032,0.000,0.150,-4.3103,0.0010,RepeatObjectAlong
25.084,0.000,0.150,-4.3111,0.0062,RepeatObjectAlong
25.137,0.000,0.150,-4.3119,0.0026,RepeatObjectAlong
25.184,0.000,0.150,-4.3124,0.0012,RepeatObjectAlong
25.218,0.000,0.150,-4.3130,0.0050,RepeatObjectAlong
25.269,0.000,0.150,-4.3135,0.0046,RepeatObjectAlong
25.319,0.000,0.150,-4.3142,0.0014,RepeatObjectAlong
25.371,0.000,0.150,-4.3148,0.0044,RepeatObjectAlong
25.420,0.000,0.150,-4.3154,0.0020,RepeatObjectAlong
25.468,0.000,0.150,-4.3166,0.0061,RepeatObjectAlong
25.518,0.000,0.150,-4.3175,0.0029,RepeatObjectAlong
25.569,0.000,0.150,-4.3179,0.0031,RepeatObjectAlong
25.619,0.000,0.150,-4.3187,0.0049,RepeatObjectAlong
25.668,0.000,0.150,-4.3193,0.0031,RepeatObjectAlong
25.720,0.000,0.150,-4.3200,0.0035,RepeatObjectAlong
25.771,0.000,0.150,-4.3205,0.0038,RepeatObjectAlong
25.824,0.000,0.150,-4.3208,0.0018,RepeatObjectAlong
25.869,0.000,0.150,-4.3216,0.0020,RepeatObjectAlong
25.921,0.000,0.150,-4.3222,0.0022,RepeatObjectAlong
25.969,0.000,0.150,-4.3228,0.0034,RepeatObjectAlong
26.019,0.000,0.150,-4.3236,0.0066,RepeatObjectAlong
26.070,0.000,0.150,-4.3243,0.0036,RepeatObjectAlong
26.120,0.000,0.150,-4.3251,0.0013,RepeatObjectAlong
26.169,0.000,0.150,-4.3259,0.0052,RepeatObjectAlong
26.219,0.000,0.150,-4.3268,0.0075,RepeatObjectAlong
26.270,0.000,0.150,-4.3280,0.0059,RepeatObjectAlong
26.320,0.000,0.150,-4.3284,0.0026,RepeatObjectAlong
26.370,0.000,0.150,-4.3291,0.0011,RepeatObjectAlong
26.419,0.000,0.150,-4.3301,0.0090,RepeatObjectAlong
26.469,0.000,0.150,-4.3315,0.0068,RepeatObjectAlong
26.520,0.000,0.150,-4.3322,0.0024,RepeatObjectAlong
26.573,0.000,0.150,-4.3327,0.0040,RepeatObjectAlong
26.621,0.000,0.150,-4.3335,0.0082,RepeatObjectAlong
26.671,0.000,0.150,-4.3342,0.0048,RepeatObjectAlong
26.723,0.000,0.150,-4.3351,0.0033,RepeatObjectAlong
26.772,0.000,0.150,-4.3360,0.0039,RepeatObjectAlong
26.822,0.000,0.150,-4.3368,0.0053,RepeatObjectAlong
26.871,0.000,0.150,-4.3374,0.0027,RepeatObjectAlong
26.922,0.000,0.150,-4.3380,0.0022,RepeatObjectAlong
26.972,0.000,0.150,-4.3392,0.0054,RepeatObjectAlong
27.023,0.000,0.150,-4.3402,0.0083,RepeatObjectAlong
27.072,0.000,0.150,-4.3406,0.0017,RepeatObjectAlong
27.122,0.000,0.150,-4.3410,0.0033,RepeatObjectAlong
27.174,0.000,0.150,-4.3424,0.0066,RepeatObjectAlong
27.224,0.000,0.150,-4.3435,0.0038,RepeatObjectAlong
27.273,0.000,0.150,-4.3445,0.0043,RepeatObjectAlong
27.335,0.000,0.150,-4.3456,0.0044,RepeatObjectAlong
27.372,0.000,0.150,-4.3465,0.0037,RepeatObjectAlong
27.423,0.000,0.150,-4.3470,0.0020,RepeatObjectAlong
27.474,0.000,0.150,-4.3476,0.0038,RepeatObjectAlong
27.525,0.000,0.150,-4.3481,0.0006,RepeatObjectAlong
27.574,0.000,0.150,-4.3488,0.0060,RepeatObjectAlong
27.625,0.000,0.150,-4.3501,0.0080,RepeatObjectAlong
27.674,0.000,0.150,-4.3510,0.0054,RepeatObjectAlong
27.726,0.000,0.150,-4.3513,0.0034,RepeatObjectAlong
27.776,0.000,0.150,-4.3520,0.0015,RepeatObjectAlong
28.999,0.000,0.000,1.9383,0.0000,none
29.031,0.000,0.000,1.9383,0.0000,none
29.081,0.000,0.000,1.9383,0.0000,none
29.129,0.000,0.000,1.9383,0.0000,none
29.182,0.000,0.000,1.9383,0.0000,none
29.230,0.000,0.000,1.9383,0.0000,none
29.279,0.000,0.000,1.9383,0.0000,none
29.331,0.000,0.000,1.9383,0.0000,none
29.382,0.000,0.000,1.9383,0.0000,none
29.433,0.000,0.000,1.9383,0.0000,none
29.481,0.000,0.000,1.9383,0.0000,none
29.532,0.000,0.000,1.9383,0.0000,none
29.582,0.000,0.000,1.9383,0.0000,none
29.633,0.000,0.000,1.9383,0.0000,none
29.681,0.000,0.000,1.9383,0.0000,none
29.731,0.000,0.000,1.9383,0.0000,none
29.780,0.000,0.000,1.9383,0.0000,none
29.833,0.000,0.000,1.9383,0.0000,none
29.882,0.000,0.000,1.9383,0.0000,none
29.932,0.000,0.000,1.9383,0.0000,none
29.982,0.000,0.000,1.9383,0.0000,none
30.034,0.000,0.000,1.9383,0.0000,none
30.083,0.000,0.000,1.9383,0.0000,none
30.134,0.000,0.000,1.9383,0.0000,none
30.185,0.000,0.000,1.9383,0.0000,none
30.234,0.000,0.000,1.9383,0.0000,none
30.284,0.000,0.000,1.9383,0.0000,none
30.335,0.000,0.000,1.9383,0.0000,none
30.370,0.000,0.000,1.9383,0.0000,none
30.419,0.000,0.000,1.9383,0.0000,none
30.472,0.000,0.000,1.9383,0.0000,none
30.519,0.000,0.000,1.9383,0.0000,none
30.570,0.000,0.000,1.9383,0.0000,none
30.620,0.000,0.000,1.9383,0.0000,none
30.670,0.000,0.000,1.9383,0.0000,none
30.720,0.000,0.000,1.9383,0.0000,none
30.773,0.000,0.000,1.9383,0.0000,none
30.821,0.000,0.000,1.9383,0.0000,none
30.872,0.000,0.000,1.9383,0.0000,none
30.922,0.000,0.000,1.9383,0.0000,none
30.973,0.000,0.000,1.9383,0.0000,none
31.024,0.000,0.000,1.9383,0.0000,none
31.073,0.000,0.000,1.9383,0.0000,none
31.122,0.000,0.000,1.9383,0.0000,none
31.173,0.000,0.000,1.9383,0.0000,none
31.223,0.000,0.000,1.9383,0.0000,none
31.271,0.000,0.000,1.9383,0.0000,none
31.324,0.000,0.000,1.9383,0.0000,none
31.372,0.000,0.000,1.9383,0.0000,none
31.423,0.000,0.000,1.9383,0.0000,none
31.473,0.000,0.000,1.9383,0.0000,none
31.524,0.000,0.000,1.9383,0.0000,none
31.574,0.000,0.000,1.9383,0.0000,none
31.625,0.000,0.000,1.9383,0.0000,none
31.675,0.000,0.000,1.9383,0.0000,none
31.724,0.000,0.000,1.9383,0.0000,none
31.775,0.000,0.000,1.9383,0.0000,none
31.825,0.000,0.000,1.9383,0.0000,none
31.876,0.000,0.000,1.9383,0.0000,none
31.925,0.000,0.000,1.9383,0.0000,none
31.975,0.000,0.000,1.9383,0.0000,none
32.026,0.000,0.000,1.9383,0.0000,none
32.077,0.000,0.000,1.9383,0.0000,none
32.124,0.000,0.000,1.9383,0.0000,none
32.176,0.000,0.000,1.9383,0.0000,none
32.225,0.000,0.000,1.9383,0.0000,none
32.276,0.000,0.000,1.9383,0.0000,none
32.326,0.000,0.000,1.9383,0.0000,none
32.377,0.000,0.000,1.9383,0.0000,none
32.427,0.000,0.000,1.9383,0.0000,none
32.476,0.000,0.000,1.9383,0.0000,none
32.526,0.000,0.000,1.9383,0.0000,none
32.578,0.000,0.000,1.9383,0.0000,none
32.627,0.000,0.050,1.9383,0.0017,none
32.678,0.000,0.050,1.9384,0.0148,none
32.727,0.000,0.050,1.9385,0.0188,none
32.779,0.000,0.050,1.9384,0.0245,none
32.831,0.000,0.050,1.9385,0.0337,none
32.881,0.000,0.050,1.9384,0.0363,none
32.930,0.000,0.050,1.9387,0.0449,none
32.981,0.000,0.050,1.9389,0.0469,none
33.032,0.000,0.050,1.9390,0.0578,none
33.082,0.000,0.050,1.9392,0.0601,none
33.130,0.000,0.050,1.9392,0.0633,none
33.180,0.000,0.050,1.9393,0.0753,none
33.230,0.000,0.050,1.9394,0.0808,none
33.281,0.000,0.050,1.9396,0.0831,none
33.331,0.000,0.050,1.9396,0.0882,none
33.380,0.000,0.050,1.9442,0.0939,none
33.430,0.000,0.050,1.9438,0.0997,none
33.480,0.000,0.050,1.9433,0.1055,none
33.529,0.000,0.050,1.9428,0.1105,none
33.581,0.000,0.050,1.9423,0.1163,none
33.633,0.000,0.050,1.9417,0.1214,none
33.680,0.000,0.050,1.9411,0.1266,none
33.731,0.000,0.050,1.9405,0.1318,none
33.783,0.000,0.050,1.9399,0.1369,none
33.831,0.000,0.050,1.9392,0.1420,none
33.882,0.000,0.050,1.9384,0.1470,none
33.930,0.000,0.050,1.9377,0.1520,none
33.980,0.000,0.050,1.9369,0.1569,none
34.032,0.000,0.050,1.9361,0.1618,none
34.082,0.000,0.050,1.9352,0.1666,none
34.132,0.000,0.050,1.9344,0.1714,none
34.182,0.000,0.050,1.9335,0.1761,none
34.233,0.000,0.050,1.9325,0.1808,none
34.281,0.000,0.050,1.9316,0.1854,none
34.334,0.000,0.050,1.9306,0.1900,none
34.383,0.000,0.050,1.9296,0.1945,none
34.431,0.000,0.050,1.9285,0.1990,none
34.482,0.000,0.050,1.9274,0.2034,none
34.534,0.000,0.050,1.9263,0.2078,none
34.583,0.000,0.050,1.9252,0.2122,none
34.635,0.000,0.050,1.9241,0.2165,none
34.684,0.000,0.050,1.9229,0.2208,none
34.734,0.000,0.050,1.9217,0.2250,none
34.784,0.000,0.050,1.9274,0.2292,none
34.837,0.000,0.050,1.9254,0.2333,none
34.868,0.000,0.050,1.9233,0.2374,none
34.918,0.000,0.050,1.9211,0.2414,none
34.969,0.000,0.050,1.9189,0.2454,none
35.018,0.000,0.050,1.9167,0.2494,none
35.070,0.000,0.050,1.9144,0.2533,none
35.118,0.000,0.050,1.9121,0.2572,none
35.169,0.000,0.050,1.9098,0.2611,none
35.219,0.000,0.050,1.9074,0.2649,none
35.268,0.000,0.050,1.9050,0.2687,none
35.321,0.000,0.050,1.9025,0.2724,none
35.368,0.000,0.050,1.9000,0.2761,none
35.420,0.000,0.050,1.8975,0.2797,none
35.470,0.000,0.050,1.8949,0.2834,none
35.521,0.000,0.050,1.8924,0.2870,none
35.571,0.000,0.050,1.8897,0.2905,none
35.623,0.000,0.050,1.8871,0.2940,none
35.674,0.000,0.050,1.8865,0.2975,none
35.721,0.000,0.050,1.8834,0.3009,none
35.775,0.000,0.050,1.8803,0.3043,none
35.821,0.000,0.050,1.8771,0.3077,none
35.874,0.000,0.050,1.8739,0.3110,none
35.922,0.000,0.050,1.8707,0.3143,none
35.972,0.000,0.050,1.8674,0.3176,none
36.021,0.000,0.050,1.8641,0.3208,none
36.072,0.000,0.050,1.8608,0.3240,none
36.126,0.000,0.050,1.8574,0.3272,none
36.174,0.000,0.050,1.8540,0.3303,none
36.222,0.000,0.050,1.8506,0.3335,none
36.274,0.000,0.050,1.8471,0.3365,none
36.323,0.000,0.050,1.8436,0.3396,none
36.373,0.000,0.050,1.8454,0.3426,none
36.425,0.000,0.050,1.8408,0.3456,none
36.474,0.000,0.050,1.8361,0.3485,none
36.523,0.000,0.050,1.8313,0.3514,none
36.575,0.000,0.050,1.8266,0.3543,none
36.624,0.000,0.050,1.8218,0.3572,none
36.676,0.000,0.050,1.8169,0.3600,none
36.723,0.000,0.050,1.8121,0.3628,none
36.777,0.000,0.050,1.8071,0.3656,none
36.826,0.000,0.050,1.8022,0.3683,none
36.876,0.000,0.050,1.7972,0.3711,none
36.928,0.000,0.050,1.7921,0.3738,none
36.977,0.000,0.050,1.7911,0.3764,none
37.027,0.000,0.050,1.7852,0.3791,none
37.076,0.000,0.050,1.7793,0.3817,none
37.128,0.000,0.050,1.7733,0.3843,none
37.177,0.000,0.050,1.7672,0.3868,none
37.227,0.000,0.050,1.7612,0.3893,none
37.279,0.000,0.050,1.7550,0.3918,none
37.327,0.000,0.050,1.7489,0.3943,none
37.379,0.000,0.050,1.7427,0.3968,none
37.428,0.000,0.050,1.7365,0.3992,none
37.479,0.000,0.050,1.7302,0.4016,none
37.529,0.000,0.050,1.7239,0.4040,none
37.578,0.000,0.050,1.7206,0.4064,none
37.628,0.000,0.050,1.7135,0.4087,none
37.678,0.000,0.050,1.7063,0.4110,none
37.730,0.000,0.050,1.6991,0.4133,none
37.779,0.000,0.050,1.6919,0.4155,none
37.829,0.000,0.050,1.6846,0.4178,none
37.879,0.000,0.050,1.6773,0.4200,none
37.930,0.000,0.050,1.6699,0.4222,none
37.977,0.000,0.050,1.6625,0.4244,none
38.029,0.000,0.050,1.6551,0.4265,none
38.079,0.000,0.050,1.6476,0.4286,none
38.131,0.000,0.050,1.6454,0.4308,none
38.180,0.000,0.050,1.6364,0.4328,none
38.231,0.000,0.050,1.6273,0.4349,none
38.280,0.000,0.050,1.6182,0.4369,none
38.331,0.000,0.050,1.6090,0.4390,none
38.381,0.000,0.050,1.5998,0.4410,none
38.434,0.000,0.050,1.5906,0.4430,none
38.483,0.000,0.050,1.5813,0.4449,none
38.532,0.000,0.050,1.5720,0.4469,none
38.581,0.000,0.050,1.5626,0.4488,none
38.631,0.000,0.050,1.5554,0.4507,none
38.680,0.000,0.050,1.5454,0.4526,none
38.733,0.000,0.050,1.5353,0.4544,none
38.780,0.000,0.050,1.5251,0.4563,none
38.834,0.000,0.050,1.5150,0.4581,none
38.883,0.000,0.050,1.5047,0.4599,none
38.932,0.000,0.050,1.4945,0.4617,none
38.986,0.000,0.050,1.4842,0.4635,none
39.035,0.000,0.050,1.4739,0.4652,none
39.082,0.000,0.050,1.4635,0.4670,none
39.133,0.000,0.050,1.4580,0.4687,none
39.185,0.000,0.050,1.4461,0.4704,none
39.236,0.000,0.050,1.4341,0.4721,none
39.285,0.000,0.050,1.4220,0.4737,none
39.337,0.000,0.050,1.4100,0.4754,none
39.384,0.000,0.050,1.3979,0.4770,none
39.436,0.000,0.050,1.3857,0.4786,none
39.485,0.000,0.050,1.3735,0.4802,none
39.519,0.000,0.050,1.3613,0.4818,none
39.571,0.000,0.050,1.3530,0.4834,none
39.621,0.000,0.050,1.3396,0.4849,none
39.672,0.000,0.050,1.3261,0.4865,none
39.719,0.000,0.050,1.3126,0.4880,none
39.771,0.000,0.050,1.2990,0.4895,none
39.820,0.000,0.050,1.2854,0.4910,none
39.872,0.000,0.050,1.2718,0.4924,none
39.922,0.000,0.050,1.2581,0.4939,none
39.971,0.000,0.050,1.2444,0.4954,none
40.023,0.000,0.050,1.2307,0.4968,none
40.073,0.000,0.050,1.2193,0.4982,none
40.121,0.000,0.050,1.2046,0.4996,none
40.172,0.000,0.050,1.1899,0.5010,none
40.222,0.000,0.050,1.1750,0.5024,none
40.272,0.000,0.050,1.1602,0.5037,none
40.321,0.000,0.050,1.1453,0.5051,none
40.371,0.000,0.050,1.1304,0.5064,none
40.422,0.000,0.050,1.1155,0.5077,none
40.474,0.000,0.050,1.1005,0.5090,none
40.522,0.000,0.050,1.0904,0.5103,none
40.572,0.000,0.050,1.0734,0.5116,none
40.622,0.000,0.050,1.0564,0.5128,none
40.674,0.000,0.050,1.0393,0.5141,none
40.724,0.000,0.050,1.0222,0.5153,none
40.774,0.000,0.050,1.0051,0.5166,none
40.824,0.000,0.050,0.9879,0.5178,none
40.873,0.000,0.050,0.9707,0.5190,none
40.924,0.000,0.050,0.9574,0.5202,none
40.973,0.000,0.050,0.9389,0.5213,none
41.024,0.000,0.050,0.9204,0.5225,none
41.073,0.000,0.050,0.9018,0.5237,none
41.123,0.000,0.050,0.8832,0.5248,none
41.174,0.000,0.050,0.8645,0.5259,none
41.225,0.000,0.050,0.8458,0.5271,none
41.275,0.000,0.050,0.8271,0.5282,none
41.323,0.000,0.050,0.8083,0.5293,none
41.376,0.000,0.050,0.7931,0.5304,none
41.424,0.000,0.050,0.7730,0.5314,none
41.475,0.000,0.050,0.7528,0.5325,none
41.527,0.000,0.050,0.7325,0.5335,none
41.583,0.000,0.050,0.7122,0.5346,none
41.633,0.000,0.050,0.6919,0.5356,none
41.684,0.000,0.050,0.6716,0.5366,none
41.735,0.000,0.050,0.6512,0.5377,none
41.784,0.000,0.050,0.6363,0.5387,none
41.834,0.000,0.050,0.6141,0.5396,none
41.883,0.000,0.050,0.5919,0.5406,none
41.936,0.000,0.050,0.5696,0.5416,none
41.984,0.000,0.050,0.5473,0.5426,none
42.036,0.000,0.050,0.5249,0.5435,none
42.085,0.000,0.050,0.5025,0.5444,none
42.134,0.000,0.050,0.4801,0.5454,none
42.186,0.000,0.050,0.4576,0.5463,none
42.236,0.000,0.050,0.4397,0.5472,none
42.269,0.000,0.050,0.4153,0.5481,none
42.317,0.000,0.050,0.3909,0.5490,none
42.368,0.000,0.050,0.3664,0.5499,none
42.420,0.000,0.050,0.3419,0.5508,none
42.468,0.000,0.050,0.3174,0.5516,none
42.520,0.000,0.050,0.2928,0.5525,none
42.569,0.000,0.050,0.2682,0.5534,none
42.620,0.000,0.050,0.2487,0.5542,none
42.671,0.000,0.050,0.2221,0.5550,none
42.721,0.000,0.050,0.1955,0.5558,none
42.772,0.000,0.050,0.1689,0.5567,none
42.820,0.000,0.050,0.1422,0.5575,none
42.870,0.000,0.050,0.1155,0.5583,none
42.922,0.000,0.050,0.0887,0.5591,none
42.973,0.000,0.050,0.0620,0.5598,none
43.021,0.000,0.050,0.0317,0.5606,none
43.073,0.000,0.050,0.0061,0.5614,none
43.121,0.000,0.050,-0.0196,0.5622,none
43.174,0.000,0.050,-0.0453,0.5629,none
43.222,0.000,0.050,-0.0710,0.5636,none
43.274,0.000,0.050,-0.0968,0.5644,none
43.325,0.000,0.050,-0.1226,0.5651,none
43.374,0.000,0.050,-0.1484,0.5658,none
43.425,0.000,0.050,-0.1960,0.5666,none
43.473,0.000,0.050,-0.2142,0.5673,none
43.524,0.000,0.050,-0.2324,0.5680,none
43.576,0.000,0.050,-0.2506,0.5687,none
43.624,0.000,0.050,-0.2688,0.5693,none
43.675,0.000,0.050,-0.2870,0.5700,none
43.724,0.000,0.050,-0.3053,0.5707,none
43.775,0.000,0.050,-0.3235,0.5714,none
43.823,0.000,0.050,-0.3586,0.5720,none
43.876,0.000,0.050,-0.3707,0.5727,none
43.924,0.000,0.050,-0.3828,0.5733,none
43.976,0.000,0.050,-0.3950,0.5740,none
44.026,0.000,0.050,-0.4071,0.5746,none
44.078,0.000,0.050,-0.4193,0.5752,none
44.127,0.000,0.050,-0.4315,0.5758,none
44.176,0.000,0.050,-0.4437,0.5764,none
44.226,0.000,0.050,-0.4653,0.5771,none
44.276,0.000,0.050,-0.4737,0.5777,none
44.327,0.000,0.050,-0.4822,0.5782,none
44.377,0.000,0.050,-0.4906,0.5788,none
44.427,0.000,0.050,-0.4991,0.5794,none
44.476,0.000,0.050,-0.5076,0.5800,none
44.529,0.000,0.050,-0.5161,0.5806,none
44.578,0.000,0.050,-0.5246,0.5811,none
44.630,0.000,0.050,-0.5393,0.5817,none
44.678,0.000,0.050,-0.5450,0.5822,none
44.729,0.000,0.050,-0.5508,0.5828,none
44.780,0.000,0.050,-0.5565,0.5833,none
44.829,0.000,0.050,-0.5622,0.5839,none
44.878,0.000,0.050,-0.5680,0.5844,none
44.929,0.000,0.050,-0.5737,0.5849,none
44.983,0.000,0.050,-0.5794,0.5855,none
45.031,0.000,0.050,-0.5859,0.5860,none
45.080,0.000,0.050,-0.5913,0.5865,none
45.130,0.000,0.050,-0.5967,0.5870,none
45.180,0.000,0.050,-0.6021,0.5875,none
45.231,0.000,0.050,-0.6075,0.5880,none
45.281,0.000,0.050,-0.6129,0.5885,none
45.332,0.000,0.050,-0.6183,0.5890,none
45.383,0.000,0.050,-0.6238,0.5894,none
45.434,0.000,0.050,-0.6292,0.5899,none
45.483,0.000,0.050,-0.6346,0.5904,none
45.535,0.000,0.050,-0.6400,0.5909,none
45.584,0.000,0.050,-0.6455,0.5913,none
45.633,0.000,0.050,-0.6509,0.5918,none
45.683,0.000,0.050,-0.6563,0.5922,none
45.734,0.000,0.050,-0.6617,0.5927,none
45.785,0.000,0.050,-0.6672,0.5931,none
45.836,0.000,0.050,-0.6726,0.5936,none
45.885,0.000,0.050,-0.6780,0.5940,none
45.917,0.000,0.050,-0.6835,0.5944,none
45.967,0.000,0.050,-0.6889,0.5948,none
46.019,0.000,0.050,-0.6944,0.5953,none
46.068,0.000,0.050,-0.6998,0.5957,none
46.117,0.000,0.050,-0.7052,0.5961,none
46.168,0.000,0.050,-0.7106,0.5965,none
46.220,0.000,0.050,-0.7161,0.5969,none
46.270,0.000,0.050,-0.7216,0.5973,none
46.320,0.000,0.050,-0.7271,0.5977,none
46.368,0.000,0.050,-0.7326,0.5981,none
46.419,0.000,0.050,-0.7381,0.5985,none
46.469,0.000,0.050,-0.7435,0.5989,none
46.520,0.000,0.050,-0.7405,0.5992,none
46.571,0.000,0.050,-0.7496,0.5996,none
46.622,0.000,0.050,-0.7586,0.6000,none
46.673,0.000,0.050,-0.7677,0.6004,none
46.723,0.000,0.050,-0.7768,0.6007,none
46.771,0.000,0.050,-0.7859,0.6011,none
46.822,0.000,0.050,-0.7950,0.6014,none
46.872,0.000,0.050,-0.8041,0.6018,none
46.922,0.000,0.050,-0.8074,0.6021,none
46.971,0.000,0.050,-0.8195,0.6025,none
47.021,0.000,0.050,-0.8316,0.6028,none
47.073,0.000,0.050,-0.8437,0.6032,none
47.124,0.000,0.050,-0.8558,0.6035,none
47.172,0.000,0.050,-0.8680,0.6038,none
47.222,0.000,0.050,-0.8801,0.6042,none
47.272,0.000,0.050,-0.8816,0.6045,none
47.323,0.000,0.050,-0.8980,0.6048,none
47.373,0.000,0.050,-0.9145,0.6051,none
47.424,0.000,0.050,-0.9309,0.6055,none
47.474,0.000,0.050,-0.9473,0.6058,none
47.525,0.000,0.050,-0.9638,0.6061,none
47.575,0.000,0.050,-0.9802,0.6064,none
47.624,0.000,0.050,-0.9967,0.6067,none
47.677,0.000,0.050,-1.0025,0.6070,none
47.726,0.000,0.050,-1.0243,0.6073,none
47.776,0.000,0.050,-1.0460,0.6076,none
47.823,0.000,0.050,-1.0678,0.6079,none
47.874,0.000,0.050,-1.0895,0.6082,none
47.924,0.000,0.050,-1.1113,0.6085,none
47.974,0.000,0.050,-1.1331,0.6087,none
48.027,0.000,0.050,-1.1382,0.6090,none
48.074,0.000,0.050,-1.1664,0.6093,none
48.125,0.000,0.050,-1.1947,0.6096,none
48.175,0.000,0.050,-1.2230,0.6098,none
48.224,0.000,0.050,-1.2512,0.6101,none
48.276,0.000,0.050,-1.2795,0.6104,none
48.325,0.000,0.050,-1.3078,0.6106,none
48.375,0.000,0.050,-1.3361,0.6109,none
48.427,0.000,0.050,-1.3467,0.6112,none
48.474,0.000,0.050,-1.3832,0.6114,none
48.527,0.000,0.050,-1.4196,0.6117,none
48.578,0.000,0.050,-1.4561,0.6119,none
48.626,0.000,0.050,-1.4926,0.6122,none
48.679,0.000,0.050,-1.5291,0.6124,none
48.729,0.000,0.050,-1.5656,0.6127,none
48.777,0.000,0.050,-1.6021,0.6129,none
48.829,0.000,0.050,-1.6192,0.6131,none
48.878,0.000,0.050,-1.6661,0.6134,none
48.927,0.000,0.050,-1.7129,0.6136,none
48.977,0.000,0.050,-1.7598,0.6138,none
49.027,0.000,0.050,-1.8067,0.6141,none
49.080,0.000,0.050,-1.8536,0.6143,none
49.129,0.000,0.050,-1.9006,0.6145,none
49.179,0.000,0.050,-1.9139,0.6147,none
49.228,0.000,0.050,-1.9731,0.6149,none
49.280,0.000,0.050,-2.0324,0.6152,none
49.329,0.000,0.050,-2.0918,0.6154,none
49.381,0.000,0.050,-2.1511,0.6156,none
49.432,0.000,0.050,-2.2105,0.6158,none
49.479,0.000,0.050,-2.2698,0.6160,none
49.530,0.000,0.050,-2.3292,0.6162,none
49.581,0.000,0.050,-2.3422,0.6164,none
49.630,0.000,0.050,-2.4178,0.6166,none
49.682,0.000,0.050,-2.4935,0.6168,none
49.733,0.000,0.050,-2.5691,0.6170,none
49.782,0.000,0.050,-2.6448,0.6172,none
49.834,0.000,0.050,-2.7205,0.6174,none
49.881,0.000,0.050,-2.7962,0.6176,none
49.931,0.000,0.050,-2.8719,0.6178,none
49.983,0.000,0.050,-2.9477,0.6180,none
50.031,0.000,0.050,-2.9737,0.6182,none
50.084,0.000,0.050,-3.0694,0.6184,none
50.134,0.000,0.050,-3.1651,0.6185,none
50.182,0.000,0.050,-3.2609,0.6187,none
50.234,0.000,0.050,-3.3566,0.6189,none
50.285,0.000,0.050,-3.4524,0.6191,none
50.334,0.000,0.050,-3.5482,0.6192,none
50.385,0.000,0.050,-3.6441,0.6194,none
50.433,0.000,0.050,-3.7400,0.6196,none
50.484,0.000,0.050,-3.7614,0.6198,none
50.534,0.000,0.050,-3.8821,0.6199,none
50.585,0.000,0.050,-4.0028,0.6201,none
50.633,0.000,0.050,-4.1175,0.5835,RepeatObjectAlong
50.683,0.000,0.050,-4.1581,0.4152,RepeatObjectAlong
50.735,0.000,0.050,-4.1913,0.3214,RepeatObjectAlong
50.783,0.000,0.050,-4.2170,0.2338,RepeatObjectAlong
50.835,0.000,0.050,-4.2356,0.1561,RepeatObjectAlong
50.868,0.000,0.050,-4.2495,0.0999,RepeatObjectAlong
50.919,0.000,0.050,-4.2589,0.0550,RepeatObjectAlong
50.971,0.000,0.050,-4.2654,0.0266,RepeatObjectAlong
51.021,0.000,0.050,-4.2701,0.0146,RepeatObjectAlong
51.070,0.000,0.050,-4.2724,0.0063,RepeatObjectAlong
51.119,0.000,0.050,-4.2743,0.0040,RepeatObjectAlong
51.171,0.000,0.050,-4.2747,0.0079,RepeatObjectAlong
51.221,0.000,0.050,-4.2760,0.0099,RepeatObjectAlong
51.271,0.000,0.050,-4.2768,0.0098,RepeatObjectAlong
51.322,0.000,0.050,-4.2777,0.0132,RepeatObjectAlong
51.371,0.000,0.050,-4.2798,0.0182,RepeatObjectAlong
51.423,0.000,0.050,-4.2817,0.0234,RepeatObjectAlong
51.470,0.000,0.050,-4.2830,0.0188,RepeatObjectAlong
51.521,0.000,0.050,-4.2855,0.0202,RepeatObjectAlong
51.572,0.000,0.050,-4.2875,0.0206,RepeatObjectAlong
51.620,0.000,0.050,-4.2896,0.0218,RepeatObjectAlong
51.670,0.000,0.050,-4.2918,0.0230,RepeatObjectAlong
51.722,0.000,0.050,-4.2943,0.0223,RepeatObjectAlong
51.772,0.000,0.050,-4.2951,0.0174,RepeatObjectAlong
51.822,0.000,0.050,-4.2978,0.0266,RepeatObjectAlong
51.873,0.000,0.050,-4.2999,0.0241,RepeatObjectAlong
51.921,0.000,0.050,-4.3023,0.0261,RepeatObjectAlong
51.973,0.000,0.050,-4.3046,0.0273,RepeatObjectAlong
52.025,0.000,0.050,-4.3066,0.0288,RepeatObjectAlong
52.073,0.000,0.050,-4.3098,0.0266,RepeatObjectAlong
52.123,0.000,0.050,-4.3117,0.0283,RepeatObjectAlong
52.173,0.000,0.050,-4.3137,0.0281,RepeatObjectAlong
52.223,0.000,0.050,-4.3156,0.0283,RepeatObjectAlong
52.273,0.000,0.050,-4.3193,0.0306,RepeatObjectAlong
52.324,0.000,0.050,-4.3217,0.0283,RepeatObjectAlong
52.374,0.000,0.050,-4.3229,0.0258,RepeatObjectAlong
52.425,0.000,0.050,-4.3246,0.0256,RepeatObjectAlong
52.473,0.000,0.050,-4.3280,0.0289,RepeatObjectAlong
52.525,0.000,0.050,-4.3305,0.0270,RepeatObjectAlong
52.574,0.000,0.050,-4.3326,0.0300,RepeatObjectAlong
52.626,0.000,0.050,-4.3340,0.0259,RepeatObjectAlong
52.675,0.000,0.050,-4.3359,0.0258,RepeatObjectAlong
52.724,0.000,0.050,-4.3389,0.0283,RepeatObjectAlong
52.775,0.000,0.050,-4.3421,0.0306,RepeatObjectAlong
52.825,0.000,0.050,-4.3450,0.0302,RepeatObjectAlong
52.876,0.000,0.050,-4.3479,0.0379,RepeatObjectAlong
52.926,0.000,0.050,-4.3513,0.0360,RepeatObjectAlong
52.976,0.000,0.050,-4.3548,0.0378,RepeatObjectAlong
53.027,0.000,0.050,-4.3581,0.0428,RepeatObjectAlong
53.075,0.000,0.050,-4.3608,0.0400,RepeatObjectAlong
53.126,0.000,0.050,-4.3641,0.0407,RepeatObjectAlong
53.178,0.000,0.050,-4.3676,0.0399,RepeatObjectAlong
53.226,0.000,0.050,-4.3713,0.0441,RepeatObjectAlong
53.278,0.000,0.050,-4.3743,0.0437,RepeatObjectAlong
53.326,0.000,0.050,-4.3781,0.0412,RepeatObjectAlong
53.377,0.000,0.050,-4.3818,0.0440,RepeatObjectAlong
53.427,0.000,0.050,-4.3852,0.0424,RepeatObjectAlong
53.479,0.000,0.050,-4.3891,0.0470,RepeatObjectAlong
53.527,0.000,0.050,-4.3929,0.0474,RepeatObjectAlong
53.578,0.000,0.050,-4.3965,0.0475,RepeatObjectAlong
53.629,0.000,0.050,-4.2299,0.0496,RepeatObjectAlong
53.679,0.000,0.050,-4.2363,0.0528,RepeatObjectAlong
53.728,0.000,0.050,-4.2430,0.0481,RepeatObjectAlong
53.780,0.000,0.050,-4.2502,0.0530,RepeatObjectAlong
53.829,0.000,0.050,-4.2563,0.0544,RepeatObjectAlong
53.882,0.000,0.050,-4.2622,0.0471,RepeatObjectAlong
53.931,0.000,0.050,-4.2690,0.0512,RepeatObjectAlong
53.981,0.000,0.050,-4.2761,0.0562,RepeatObjectAlong
54.031,0.000,0.050,-4.2830,0.0533,RepeatObjectAlong
54.081,0.000,0.050,-4.2892,0.0535,RepeatObjectAlong
54.132,0.000,0.050,-4.2955,0.0510,RepeatObjectAlong
54.179,0.000,0.050,-4.3018,0.0506,RepeatObjectAlong
54.231,0.000,0.050,-4.3088,0.0564,RepeatObjectAlong
54.282,0.000,0.050,-4.3154,0.0514,RepeatObjectAlong
54.334,0.000,0.050,-4.3224,0.0561,RepeatObjectAlong
54.381,0.000,0.050,-4.3289,0.0538,RepeatObjectAlong
54.432,0.000,0.050,-4.3358,0.0604,RepeatObjectAlong
54.482,0.000,0.050,-4.3420,0.0582,RepeatObjectAlong
54.534,0.000,0.050,-4.3480,0.0534,RepeatObjectAlong
54.582,0.000,0.050,-4.3542,0.0556,RepeatObjectAlong
54.633,0.000,0.050,-4.3608,0.0544,RepeatObjectAlong
54.684,0.000,0.050,-4.3675,0.0519,RepeatObjectAlong
54.734,0.000,0.050,-4.3744,0.0615,RepeatObjectAlong
54.784,0.000,0.050,-4.3806,0.0583,RepeatObjectAlong
54.832,0.000,0.050,-4.3872,0.0612,RepeatObjectAlong
54.884,0.000,0.050,-4.3942,0.0566,RepeatObjectAlong
54.935,0.000,0.050,-4.4009,0.0634,RepeatObjectAlong
54.984,0.000,0.050,-4.4073,0.0608,RepeatObjectAlong
55.034,0.000,0.050,-4.4098,0.0180,RepeatObjectAlong
55.086,0.000,0.050,-4.4085,0.0059,RepeatObjectAlong
55.118,0.000,0.050,-4.4088,0.0018,RepeatObjectAlong
55.169,0.000,0.050,-4.4084,0.0022,RepeatObjectAlong
55.220,0.000,0.050,-4.4082,0.0025,RepeatObjectAlong
55.269,0.000,0.050,-4.4076,0.0013,RepeatObjectAlong
55.318,0.000,0.050,-4.4072,0.0045,RepeatObjectAlong
55.367,0.000,0.050,-4.4068,0.0014,RepeatObjectAlong
55.419,0.000,0.050,-4.4064,0.0054,RepeatObjectAlong
55.470,0.000,0.050,-4.4060,0.0032,RepeatObjectAlong
55.520,0.000,0.050,-4.4060,0.0005,RepeatObjectAlong
55.569,0.000,0.050,-4.4052,0.0043,RepeatObjectAlong
55.619,0.000,0.050,-4.4050,0.0028,RepeatObjectAlong
55.670,0.000,0.050,-4.4044,0.0033,RepeatObjectAlong
55.722,0.000,0.050,-4.4041,0.0030,RepeatObjectAlong
55.772,0.000,0.050,-4.4038,0.0070,RepeatObjectAlong
55.823,0.000,0.050,-4.4034,0.0007,RepeatObjectAlong
55.877,0.000,0.050,-4.4030,0.0007,RepeatObjectAlong
55.927,0.000,0.050,-4.4029,0.0010,RepeatObjectAlong
57.181,0.000,0.000,1.9383,0.0000,none
57.231,0.000,0.000,1.9383,0.0000,none
57.280,0.000,0.000,1.9383,0.0000,none
57.331,0.000,0.000,1.9383,0.0000,none
57.383,0.000,0.000,1.9383,0.0000,none
57.433,0.000,0.000,1.9383,0.0000,none
57.482,0.000,0.000,1.9383,0.0000,none
57.534,0.000,0.000,1.9383,0.0000,none
57.583,0.000,0.000,1.9383,0.0000,none
57.632,0.000,0.000,1.9383,0.0000,none
57.681,0.000,0.000,1.9383,0.0000,none
57.733,0.000,0.000,1.9383,0.0000,none
57.781,0.000,0.000,1.9383,0.0000,none
57.834,0.000,0.000,1.9383,0.0000,none
57.884,0.000,0.000,1.9383,0.0000,none
57.933,0.000,0.000,1.9383,0.0000,none
57.983,0.000,0.000,1.9383,0.0000,none
58.034,0.000,0.000,1.9383,0.0000,none
58.086,0.000,0.000,1.9383,0.0000,none
58.133,0.000,0.000,1.9383,0.0000,none
58.184,0.000,0.000,1.9383,0.0000,none
58.236,0.000,0.000,1.9383,0.0000,none
58.285,0.000,0.000,1.9383,0.0000,none
58.334,0.000,0.000,1.9383,0.0000,none
58.386,0.000,0.000,1.9383,0.0000,none
58.419,0.000,0.000,1.9383,0.0000,none
58.469,0.000,0.000,1.9383,0.0000,none
58.520,0.000,0.000,1.9383,0.0000,none
58.568,0.000,0.000,1.9383,0.0000,none
58.621,0.000,0.000,1.9383,0.0000,none
58.667,0.000,0.000,1.9383,0.0000,none
58.719,0.000,0.000,1.9383,0.0000,none
58.771,0.000,0.000,1.9383,0.0000,none
58.818,0.000,0.000,1.9383,0.0000,none
58.871,0.000,0.000,1.9383,0.0000,none
58.920,0.000,0.000,1.9383,0.0000,none
58.971,0.000,0.000,1.9383,0.0000,none
59.023,0.000,0.000,1.9383,0.0000,none
59.072,0.000,0.000,1.9383,0.0000,none
59.121,0.000,0.000,1.9383,0.0000,none
59.171,0.000,0.000,1.9383,0.0000,none
59.222,0.000,0.000,1.9383,0.0000,none
59.273,0.000,0.000,1.9383,0.0000,none
59.322,0.000,0.000,1.9383,0.0000,none
59.372,0.000,0.000,1.9383,0.0000,none
59.423,0.000,0.000,1.9383,0.0000,none
59.473,0.000,0.000,1.9383,0.0000,none
59.523,0.000,0.000,1.9383,0.0000,none
59.574,0.000,0.000,1.9383,0.0000,none
59.625,0.000,0.000,1.9383,0.0000,none
59.673,0.000,0.000,1.9383,0.0000,none
59.723,0.000,0.000,1.9383,0.0000,none
59.773,0.000,0.000,1.9383,0.0000,none
59.825,0.000,0.000,1.9383,0.0000,none
59.875,0.000,0.000,1.9383,0.0000,none
59.926,0.000,0.000,1.9383,0.0000,none
59.974,0.000,0.000,1.9383,0.0000,none
60.023,0.000,0.000,1.9383,0.0000,none
60.073,0.000,0.000,1.9383,0.0000,none
60.124,0.000,0.000,1.9383,0.0000,none
60.176,0.000,0.000,1.9383,0.0000,none
60.225,0.000,0.000,1.9383,0.0000,none
60.274,0.000,0.000,1.9383,0.0000,none
60.325,0.000,0.000,1.9383,0.0000,none
60.374,0.000,0.000,1.9383,0.0000,none
60.424,0.000,0.000,1.9383,0.0000,none
60.475,0.000,0.000,1.9383,0.0000,none
60.525,0.000,0.000,1.9383,0.0000,none
60.575,0.000,0.000,1.9383,0.0000,none
60.624,0.000,0.000,1.9383,0.0000,none
60.677,0.000,0.000,1.9383,0.0000,none
60.726,0.000,0.000,1.9383,0.0000,none
60.775,0.000,0.000,1.9383,0.0000,none
60.825,0.000,0.000,1.9383,0.0000,none
60.876,0.000,0.000,1.9383,0.0000,none
60.925,0.000,0.000,1.9383,0.0000,none
60.977,0.000,0.000,1.9383,0.0000,none
61.027,0.000,0.000,1.9383,0.0000,none
61.086,0.000,0.000,1.9383,0.0000,none
61.132,0.000,0.000,1.9383,0.0000,none
61.183,0.000,0.000,1.9383,0.0000,none
61.234,0.000,0.000,1.9383,0.0000,none
61.286,0.000,0.000,1.9383,0.0000,none
61.336,0.000,0.000,1.9383,0.0000,none
61.370,0.000,0.000,1.9383,0.0000,none
61.418,0.000,0.000,1.9383,0.0000,none
61.469,0.000,0.000,1.9383,0.0000,none
61.518,0.000,0.000,1.9383,0.0000,none
61.570,0.000,0.000,1.9383,0.0000,none
61.619,0.000,0.000,1.9383,0.0000,none
61.669,0.000,0.000,1.9383,0.0000,none
61.720,0.000,0.000,1.9383,0.0000,none
61.768,0.000,0.000,1.9383,0.0000,none
61.820,0.000,0.000,1.9383,0.0000,none
61.869,0.000,0.000,1.9383,0.0000,none
61.919,0.000,0.000,1.9383,0.0000,none
61.971,0.000,0.000,1.9383,0.0000,none
62.020,0.000,0.000,1.9383,0.0000,none
62.070,0.000,0.000,1.9383,0.0000,none
62.121,0.000,0.000,1.9383,0.0000,none
62.173,0.000,0.000,1.9383,0.0000,none
62.221,0.000,0.000,1.9383,0.0000,none
62.272,0.000,0.000,1.9383,0.0000,none
62.322,0.000,0.000,1.9383,0.0000,none
62.370,0.000,0.000,1.9383,0.0000,none
62.422,0.000,0.000,1.9383,0.0000,none
62.472,0.000,0.000,1.9383,0.0000,none
62.523,0.000,0.000,1.9383,0.0000,none
62.571,0.000,0.000,1.9383,0.0000,none
62.625,0.000,0.000,1.9383,0.0000,none
62.671,0.000,0.000,1.9383,0.0000,none
62.720,0.000,0.000,1.9383,0.0000,none
62.774,0.000,0.000,1.9383,0.0000,none
62.821,0.000,0.000,1.9383,0.0000,none
62.874,0.000,0.000,1.9383,0.0000,none
62.924,0.000,0.000,1.9383,0.0000,none
62.971,0.000,0.000,1.9383,0.0000,none
63.023,0.000,0.000,1.9383,0.0000,none
63.075,0.000,0.000,1.9383,0.0000,none
63.122,0.000,0.000,1.9383,0.0000,none
63.174,0.000,0.000,1.9383,0.0000,none
63.224,0.000,0.000,1.9383,0.0000,none
63.275,0.000,0.000,1.9383,0.0000,none
63.324,0.000,0.000,1.9383,0.0000,none
63.374,0.000,0.000,1.9383,0.0000,none
63.425,0.000,0.000,1.9383,0.0000,none
63.475,0.000,0.000,1.9383,0.0000,none
63.526,0.000,0.000,1.9383,0.0000,none
63.573,0.000,0.000,1.9383,0.0000,none
63.625,0.000,0.000,1.9383,0.0000,none
63.674,0.000,0.000,1.9383,0.0000,none
63.723,0.000,0.000,1.9383,0.0000,none
63.777,0.000,0.000,1.9383,0.0000,none
63.823,0.000,0.000,1.9383,0.0000,none
63.876,0.000,0.000,1.9383,0.0000,none
63.926,0.000,0.000,1.9383,0.0000,none
63.975,0.000,0.000,1.9383,0.0000,none
64.026,0.000,0.000,1.9383,0.0000,none
64.077,0.000,0.000,1.9383,0.0000,none
64.126,0.000,0.000,1.9383,0.0000,none
64.175,0.000,0.000,1.9383,0.0000,none
64.227,0.000,0.000,1.9383,0.0000,none
64.277,0.000,0.000,1.9383,0.0000,none
64.327,0.000,0.000,1.9383,0.0000,none
64.376,0.000,0.000,1.9383,0.0000,none
64.427,0.000,0.000,1.9383,0.0000,none
64.477,0.000,0.000,1.9383,0.0000,none
64.527,0.000,0.000,1.9383,0.0000,none
64.576,0.000,0.000,1.9383,0.0000,none
64.629,0.000,0.000,1.9383,0.0000,none
64.677,0.000,0.000,1.9383,0.0000,none
64.727,0.000,0.000,1.9383,0.0000,none
64.778,0.000,0.000,1.9383,0.0000,none
64.828,0.000,0.000,1.9383,0.0000,none
64.878,0.000,0.000,1.9383,0.0000,none
64.928,0.000,0.000,1.9383,0.0000,none
64.977,0.000,0.000,1.9383,0.0000,none
65.028,0.000,0.000,1.9383,0.0000,none
65.079,0.000,0.000,1.9383,0.0000,none
65.130,0.000,0.050,1.9383,0.0031,none
65.179,0.000,0.050,1.9384,0.0097,none
65.228,0.000,0.050,1.9385,0.0167,none
65.278,0.000,0.050,1.9385,0.0265,none
65.329,0.000,0.050,1.9385,0.0272,none
65.379,0.000,0.050,1.9388,0.0367,none
65.430,0.000,0.050,1.9390,0.0396,none
65.480,0.000,0.050,1.9391,0.0521,none
65.530,0.000,0.050,1.9392,0.0537,none
65.582,0.000,0.050,1.9392,0.0589,none
65.630,0.000,0.050,1.9391,0.0643,none
65.679,0.000,0.050,1.9392,0.0734,none
65.730,0.000,0.050,1.9394,0.0783,none
65.781,0.000,0.050,1.9393,0.0800,none
65.830,0.000,0.050,1.9391,0.0877,none
65.882,0.000,0.050,1.9389,0.0933,none
65.931,0.000,0.050,1.9433,0.0994,none
65.981,0.000,0.050,1.9429,0.1044,none
66.029,0.000,0.050,1.9424,0.1103,none
66.081,0.000,0.050,1.9419,0.1152,none
66.133,0.000,0.050,1.9414,0.1208,none
66.182,0.000,0.050,1.9408,0.1260,none
66.231,0.000,0.050,1.9402,0.1312,none
66.284,0.000,0.050,1.9396,0.1363,none
66.333,0.000,0.050,1.9390,0.1414,none
66.384,0.000,0.050,1.9383,0.1464,none
66.433,0.000,0.050,1.9376,0.1514,none
66.484,0.000,0.050,1.9368,0.1563,none
66.533,0.000,0.050,1.9361,0.1612,none
66.585,0.000,0.050,1.9353,0.1660,none
66.635,0.000,0.050,1.9344,0.1708,none
66.684,0.000,0.050,1.9336,0.1755,none
66.734,0.000,0.050,1.9327,0.1802,none
66.784,0.000,0.050,1.9318,0.1849,none
66.836,0.000,0.050,1.9308,0.1894,none
66.886,0.000,0.050,1.9299,0.1940,none
66.932,0.000,0.050,1.9289,0.1985,none
66.984,0.000,0.050,1.9279,0.2029,none
67.036,0.000,0.050,1.9268,0.2073,none
67.087,0.000,0.050,1.9258,0.2117,none
67.135,0.000,0.050,1.9247,0.2160,none
67.184,0.000,0.050,1.9235,0.2203,none
67.234,0.000,0.050,1.9224,0.2245,none
67.286,0.000,0.050,1.9212,0.2287,none
67.319,0.000,0.050,1.9264,0.2328,none
67.370,0.000,0.050,1.9243,0.2369,none
67.419,0.000,0.050,1.9222,0.2410,none
67.469,0.000,0.050,1.9201,0.2450,none
67.520,0.000,0.050,1.9180,0.2490,none
67.569,0.000,0.050,1.9158,0.2529,none
67.620,0.000,0.050,1.9135,0.2568,none
67.669,0.000,0.050,1.9113,0.2606,none
67.720,0.000,0.050,1.9090,0.2645,none
67.772,0.000,0.050,1.9066,0.2682,none
67.820,0.000,0.050,1.9043,0.2720,none
67.871,0.000,0.050,1.9018,0.2757,none
67.922,0.000,0.050,1.8994,0.2793,none
67.969,0.000,0.050,1.8969,0.2830,none
68.022,0.000,0.050,1.8944,0.2865,none
68.070,0.000,0.050,1.8919,0.2901,none
68.119,0.000,0.050,1.8893,0.2936,none
68.173,0.000,0.050,1.8889,0.2971,none
68.222,0.000,0.050,1.8859,0.3005,none
68.274,0.000,0.050,1.8828,0.3039,none
68.323,0.000,0.050,1.8798,0.3073,none
68.373,0.000,0.050,1.8766,0.3106,none
68.421,0.000,0.050,1.8735,0.3140,none
68.471,0.000,0.050,1.8703,0.3172,none
68.521,0.000,0.050,1.8671,0.3205,none
68.571,0.000,0.050,1.8639,0.3237,none
68.623,0.000,0.050,1.8606,0.3268,none
68.671,0.000,0.050,1.8573,0.3300,none
68.723,0.000,0.050,1.8539,0.3331,none
68.774,0.000,0.050,1.8505,0.3362,none
68.822,0.000,0.050,1.8471,0.3392,none
68.874,0.000,0.050,1.8492,0.3422,none
68.923,0.000,0.050,1.8446,0.3452,none
68.974,0.000,0.050,1.8401,0.3482,none
69.025,0.000,0.050,1.8354,0.3511,none
69.073,0.000,0.050,1.8308,0.3540,none
69.123,0.000,0.050,1.8261,0.3569,none
69.174,0.000,0.050,1.8213,0.3597,none
69.226,0.000,0.050,1.8165,0.3625,none
69.275,0.000,0.050,1.8117,0.3653,none
69.322,0.000,0.050,1.8069,0.3680,none
69.374,0.000,0.050,1.8020,0.3708,none
69.423,0.000,0.050,1.7970,0.3734,none
69.474,0.000,0.050,1.7921,0.3761,none
69.525,0.000,0.050,1.7904,0.3788,none
69.573,0.000,0.050,1.7846,0.3814,none
69.625,0.000,0.050,1.7787,0.3840,none
69.673,0.000,0.050,1.7728,0.3865,none
69.725,0.000,0.050,1.7668,0.3890,none
69.774,0.000,0.050,1.7608,0.3916,none
69.824,0.000,0.050,1.7547,0.3940,none
69.875,0.000,0.050,1.7487,0.3965,none
69.925,0.000,0.050,1.7425,0.3989,none
69.976,0.000,0.050,1.7364,0.4013,none
70.027,0.000,0.050,1.7302,0.4037,none
70.077,0.000,0.050,1.7271,0.4061,none
70.126,0.000,0.050,1.7201,0.4084,none
70.177,0.000,0.050,1.7131,0.4107,none
70.227,0.000,0.050,1.7060,0.4130,none
70.276,0.000,0.050,1.6989,0.4153,none
70.327,0.000,0.050,1.6917,0.4175,none
70.376,0.000,0.050,1.6845,0.4197,none
70.429,0.000,0.050,1.6772,0.4219,none
70.476,0.000,0.050,1.6700,0.4241,none
70.527,0.000,0.050,1.6626,0.4263,none
70.579,0.000,0.050,1.6553,0.4284,none
70.627,0.000,0.050,1.6534,0.4305,none
70.677,0.000,0.050,1.6445,0.4326,none
70.726,0.000,0.050,1.6356,0.4347,none
70.777,0.000,0.050,1.6266,0.4367,none
70.828,0.000,0.050,1.6175,0.4387,none
70.880,0.000,0.050,1.6084,0.4407,none
70.929,0.000,0.050,1.5993,0.4427,none
70.980,0.000,0.050,1.5901,0.4447,none
71.030,0.000,0.050,1.5809,0.4466,none
71.081,0.000,0.050,1.5717,0.4486,none
71.131,0.000,0.050,1.5647,0.4505,none
71.182,0.000,0.050,1.5548,0.4523,none
71.232,0.000,0.050,1.5448,0.4542,none
71.282,0.000,0.050,1.5348,0.4561,none
71.332,0.000,0.050,1.5248,0.4579,none
71.385,0.000,0.050,1.5147,0.4597,none
71.433,0.000,0.050,1.5046,0.4615,none
71.486,0.000,0.050,1.4944,0.4633,none
71.534,0.000,0.050,1.4842,0.4650,none
71.582,0.000,0.050,1.4740,0.4668,none
71.632,0.000,0.050,1.4688,0.4685,none
71.684,0.000,0.050,1.4570,0.4702,none
71.734,0.000,0.050,1.4451,0.4719,none
71.786,0.000,0.050,1.4332,0.4735,none
71.834,0.000,0.050,1.4213,0.4752,none
71.882,0.000,0.050,1.4093,0.4768,none
71.933,0.000,0.050,1.3973,0.4784,none
71.982,0.000,0.050,1.3852,0.4800,none
72.033,0.000,0.050,1.3731,0.4816,none
72.084,0.000,0.050,1.3610,0.4832,none
72.134,0.000,0.050,1.3518,0.4847,none
72.186,0.000,0.050,1.3385,0.4863,none
72.236,0.000,0.050,1.3251,0.4878,none
72.284,0.000,0.050,1.3117,0.4893,none
72.336,0.000,0.050,1.2982,0.4908,none
72.385,0.000,0.050,1.2847,0.4923,none
72.436,0.000,0.050,1.2712,0.4937,none
72.484,0.000,0.050,1.2576,0.4952,none
72.534,0.000,0.050,1.2440,0.4966,none
72.586,0.000,0.050,1.2329,0.4980,none
72.635,0.000,0.050,1.2183,0.4994,none
72.685,0.000,0.050,1.2037,0.5008,none
72.736,0.000,0.050,1.1891,0.5022,none
72.769,0.000,0.050,1.1744,0.5036,none
72.817,0.000,0.050,1.1596,0.5049,none
72.870,0.000,0.050,1.1448,0.5062,none
72.918,0.000,0.050,1.1300,0.5076,none
72.971,0.000,0.050,1.1152,0.5089,none
73.022,0.000,0.050,1.1054,0.5102,none
73.069,0.000,0.050,1.0886,0.5114,none
73.119,0.000,0.050,1.0717,0.5127,none
73.170,0.000,0.050,1.0548,0.5140,none
73.219,0.000,0.050,1.0378,0.5152,none
73.270,0.000,0.050,1.0208,0.5164,none
73.321,0.000,0.050,1.0038,0.5176,none
73.371,0.000,0.050,0.9868,0.5188,none
73.421,0.000,0.050,0.9697,0.5200,none
73.470,0.000,0.050,0.9554,0.5212,none
73.520,0.000,0.050,0.9370,0.5224,none
73.573,0.000,0.050,0.9186,0.5235,none
73.623,0.000,0.050,0.9001,0.5247,none
73.673,0.000,0.050,0.8816,0.5258,none
73.722,0.000,0.050,0.8630,0.5269,none
73.772,0.000,0.050,0.8444,0.5280,none
73.822,0.000,0.050,0.8258,0.5291,none
73.874,0.000,0.050,0.8110,0.5302,none
73.922,0.000,0.050,0.7909,0.5313,none
73.973,0.000,0.050,0.7709,0.5324,none
74.023,0.000,0.050,0.7508,0.5334,none
74.075,0.000,0.050,0.7307,0.5345,none
74.124,0.000,0.050,0.7105,0.5355,none
74.174,0.000,0.050,0.6903,0.5365,none
74.222,0.000,0.050,0.6700,0.5375,none
74.274,0.000,0.050,0.6498,0.5385,none
74.324,0.000,0.050,0.6335,0.5395,none
74.376,0.000,0.050,0.6114,0.5405,none
74.426,0.000,0.050,0.5893,0.5415,none
74.476,0.000,0.050,0.5671,0.5424,none
74.526,0.000,0.050,0.5449,0.5434,none
74.576,0.000,0.050,0.5226,0.5443,none
74.625,0.000,0.050,0.5004,0.5453,none
74.677,0.000,0.050,0.4780,0.5462,none
74.727,0.000,0.050,0.4605,0.5471,none
74.777,0.000,0.050,0.4363,0.5480,none
74.826,0.000,0.050,0.4120,0.5489,none
74.876,0.000,0.050,0.3877,0.5498,none
74.925,0.000,0.050,0.3634,0.5507,none
74.975,0.000,0.050,0.3390,0.5515,none
75.026,0.000,0.050,0.3146,0.5524,none
75.075,0.000,0.050,0.2901,0.5533,none
75.126,0.000,0.050,0.2710,0.5541,none
75.177,0.000,0.050,0.2445,0.5549,none
75.228,0.000,0.050,0.2181,0.5558,none
75.276,0.000,0.050,0.1916,0.5566,none
75.327,0.000,0.050,0.1651,0.5574,none
75.378,0.000,0.050,0.1385,0.5582,none
75.428,0.000,0.050,0.1119,0.5590,none
75.478,0.000,0.050,0.0853,0.5598,none
75.526,0.000,0.050,0.0550,0.5605,none
75.576,0.000,0.050,0.0295,0.5613,none
75.628,0.000,0.050,0.0040,0.5621,none
75.679,0.000,0.050,-0.0215,0.5628,none
75.731,0.000,0.050,-0.0471,0.5636,none
75.779,0.000,0.050,-0.0727,0.5643,none
75.831,0.000,0.050,-0.0983,0.5650,none
75.878,0.000,0.050,-0.1240,0.5658,none
75.928,0.000,0.050,-0.1724,0.5665,none
75.981,0.000,0.050,-0.1905,0.5672,none
76.031,0.000,0.050,-0.2085,0.5679,none
76.081,0.000,0.050,-0.2265,0.5686,none
76.130,0.000,0.050,-0.2446,0.5693,none
76.179,0.000,0.050,-0.2627,0.5699,none
76.230,0.000,0.050,-0.2808,0.5706,none
76.282,0.000,0.050,-0.2989,0.5713,none
76.328,0.000,0.050,-0.3346,0.5719,none
76.380,0.000,0.050,-0.3466,0.5726,none
76.431,0.000,0.050,-0.3585,0.5732,none
76.482,0.000,0.050,-0.3705,0.5739,none
76.531,0.000,0.050,-0.3825,0.5745,none
76.580,0.000,0.050,-0.3945,0.5751,none
76.632,0.000,0.050,-0.4065,0.5758,none
76.680,0.000,0.050,-0.4186,0.5764,none
76.730,0.000,0.050,-0.4405,0.5770,none
76.780,0.000,0.050,-0.4488,0.5776,none
76.833,0.000,0.050,-0.4571,0.5782,none
76.882,0.000,0.050,-0.4654,0.5788,none
76.930,0.000,0.050,-0.4737,0.5794,none
76.981,0.000,0.050,-0.4821,0.5799,none
77.030,0.000,0.050,-0.4904,0.5805,none
77.081,0.000,0.050,-0.4987,0.5811,none
77.133,0.000,0.050,-0.5137,0.5816,none
77.182,0.000,0.050,-0.5192,0.5822,none
77.235,0.000,0.050,-0.5248,0.5827,none
77.282,0.000,0.050,-0.5304,0.5833,none
77.334,0.000,0.050,-0.5360,0.5838,none
77.384,0.000,0.050,-0.5415,0.5843,none
77.435,0.000,0.050,-0.5471,0.5849,none
77.485,0.000,0.050,-0.5527,0.5854,none
77.522,0.000,0.050,-0.5590,0.5859,none
77.572,0.000,0.050,-0.5643,0.5864,none
77.621,0.000,0.050,-0.5695,0.5869,none
77.670,0.000,0.050,-0.5748,0.5874,none
77.720,0.000,0.050,-0.5800,0.5879,none
77.773,0.000,0.050,-0.5853,0.5884,none
77.820,0.000,0.050,-0.5905,0.5889,none
77.872,0.000,0.050,-0.5958,0.5894,none
77.922,0.000,0.050,-0.6011,0.5899,none
77.972,0.000,0.050,-0.6063,0.5903,none
78.022,0.000,0.050,-0.6116,0.5908,none
78.072,0.000,0.050,-0.6169,0.5913,none
78.122,0.000,0.050,-0.6221,0.5917,none
78.173,0.000,0.050,-0.6274,0.5922,none
78.223,0.000,0.050,-0.6327,0.5926,none
78.274,0.000,0.050,-0.6380,0.5931,none
78.325,0.000,0.050,-0.6432,0.5935,none
78.374,0.000,0.050,-0.6485,0.5939,none
78.424,0.000,0.050,-0.6538,0.5944,none
78.472,0.000,0.050,-0.6591,0.5948,none
78.526,0.000,0.050,-0.6643,0.5952,none
78.575,0.000,0.050,-0.6696,0.5956,none
78.624,0.000,0.050,-0.6749,0.5960,none
78.676,0.000,0.050,-0.6801,0.5965,none
78.725,0.000,0.050,-0.6855,0.5969,none
78.776,0.000,0.050,-0.6908,0.5973,none
78.827,0.000,0.050,-0.6961,0.5977,none
78.875,0.000,0.050,-0.7014,0.5980,none
78.925,0.000,0.050,-0.7068,0.5984,none
78.976,0.000,0.050,-0.7121,0.5988,none
79.026,0.000,0.050,-0.7084,0.5992,none
79.075,0.000,0.050,-0.7173,0.5996,none
79.127,0.000,0.050,-0.7262,0.5999,none
79.176,0.000,0.050,-0.7352,0.6003,none
79.227,0.000,0.050,-0.7441,0.6007,none
79.276,0.000,0.050,-0.7530,0.6010,none
79.326,0.000,0.050,-0.7619,0.6014,none
79.376,0.000,0.050,-0.7709,0.6018,none
79.427,0.000,0.050,-0.7736,0.6021,none
79.477,0.000,0.050,-0.7855,0.6025,none
79.528,0.000,0.050,-0.7975,0.6028,none
79.577,0.000,0.050,-0.8094,0.6031,none
79.634,0.000,0.050,-0.8214,0.6035,none
79.682,0.000,0.050,-0.8334,0.6038,none
79.735,0.000,0.050,-0.8453,0.6041,none
79.782,0.000,0.050,-0.8462,0.6045,none
79.833,0.000,0.050,-0.8624,0.6048,none
79.883,0.000,0.050,-0.8787,0.6051,none
79.933,0.000,0.050,-0.8949,0.6054,none
79.985,0.000,0.050,-0.9112,0.6057,none
80.035,0.000,0.050,-0.9275,0.6060,none
80.083,0.000,0.050,-0.9438,0.6064,none
80.133,0.000,0.050,-0.9601,0.6067,none
80.184,0.000,0.050,-0.9651,0.6070,none
80.234,0.000,0.050,-0.9867,0.6073,none
80.285,0.000,0.050,-1.0083,0.6076,none
80.334,0.000,0.050,-1.0299,0.6078,none
80.383,0.000,0.050,-1.0514,0.6081,none
80.433,0.000,0.050,-1.0730,0.6084,none
80.486,0.000,0.050,-1.0947,0.6087,none
80.535,0.000,0.050,-1.0989,0.6090,none
80.584,0.000,0.050,-1.1269,0.6093,none
80.635,0.000,0.050,-1.1550,0.6095,none
80.685,0.000,0.050,-1.1831,0.6098,none
80.734,0.000,0.050,-1.2113,0.6101,none
80.786,0.000,0.050,-1.2394,0.6103,none
80.837,0.000,0.050,-1.2675,0.6106,none
80.887,0.000,0.050,-1.2956,0.6109,none
80.921,0.000,0.050,-1.3052,0.6111,none
80.971,0.000,0.050,-1.3414,0.6114,none
81.020,0.000,0.050,-1.3777,0.6116,none
81.069,0.000,0.050,-1.4140,0.6119,none
81.118,0.000,0.050,-1.4503,0.6121,none
81.168,0.000,0.050,-1.4867,0.6124,none
81.221,0.000,0.050,-1.5230,0.6126,none
81.270,0.000,0.050,-1.5593,0.6129,none
81.321,0.000,0.050,-1.5752,0.6131,none
81.371,0.000,0.050,-1.6219,0.6133,none
81.420,0.000,0.050,-1.6686,0.6136,none
81.470,0.000,0.050,-1.7153,0.6138,none
81.518,0.000,0.050,-1.7621,0.6140,none
81.571,0.000,0.050,-1.8088,0.6143,none
81.620,0.000,0.050,-1.8556,0.6145,none
81.670,0.000,0.050,-1.8675,0.6147,none
81.720,0.000,0.050,-1.9266,0.6149,none
81.771,0.000,0.050,-1.9857,0.6151,none
81.821,0.000,0.050,-2.0449,0.6154,none
81.871,0.000,0.050,-2.1041,0.6156,none
81.919,0.000,0.050,-2.1632,0.6158,none
81.970,0.000,0.050,-2.2225,0.6160,none
82.020,0.000,0.050,-2.2817,0.6162,none
82.068,0.000,0.050,-2.2931,0.6164,none
82.119,0.000,0.050,-2.3686,0.6166,none
82.172,0.000,0.050,-2.4440,0.6168,none
82.221,0.000,0.050,-2.5195,0.6170,none
82.272,0.000,0.050,-2.5950,0.6172,none
82.321,0.000,0.050,-2.6705,0.6174,none
82.372,0.000,0.050,-2.7461,0.6176,none
82.421,0.000,0.050,-2.8217,0.6178,none
82.471,0.000,0.050,-2.8973,0.6180,none
82.523,0.000,0.050,-2.9217,0.6181,none
82.573,0.000,0.050,-3.0173,0.6183,none
82.623,0.000,0.050,-3.1128,0.6185,none
82.671,0.000,0.050,-3.2084,0.6187,none
82.722,0.000,0.050,-3.3040,0.6189,none
82.772,0.000,0.050,-3.3997,0.6191,none
82.823,0.000,0.050,-3.4954,0.6192,none
82.872,0.000,0.050,-3.5910,0.6194,none
82.924,0.000,0.050,-3.6868,0.6196,none
82.975,0.000,0.050,-3.7068,0.6197,none
83.025,0.000,0.050,-3.8274,0.6199,none
83.075,0.000,0.050,-3.9479,0.6201,none
83.123,0.000,0.050,-4.0686,0.6202,none
83.175,0.000,0.050,-4.1482,0.4879,RepeatObjectAlong
83.223,0.000,0.050,-4.1845,0.3695,RepeatObjectAlong
83.274,0.000,0.050,-4.2147,0.2827,RepeatObjectAlong
83.326,0.000,0.050,-4.2368,0.1969,RepeatObjectAlong
83.375,0.000,0.050,-4.2532,0.1285,RepeatObjectAlong
83.426,0.000,0.050,-4.2653,0.0790,RepeatObjectAlong
83.475,0.000,0.050,-4.2734,0.0453,RepeatObjectAlong
83.525,0.000,0.050,-4.2788,0.0207,RepeatObjectAlong
83.575,0.000,0.050,-4.2823,0.0124,RepeatObjectAlong
83.623,0.000,0.050,-4.2851,0.0115,RepeatObjectAlong
83.677,0.000,0.050,-4.2867,0.0045,RepeatObjectAlong
83.725,0.000,0.050,-4.2880,0.0128,RepeatObjectAlong
83.776,0.000,0.050,-4.2893,0.0114,RepeatObjectAlong
83.826,0.000,0.050,-4.2903,0.0145,RepeatObjectAlong
83.876,0.000,0.050,-4.2911,0.0167,RepeatObjectAlong
83.924,0.000,0.050,-4.2923,0.0118,RepeatObjectAlong
83.975,0.000,0.050,-4.2943,0.0202,RepeatObjectAlong
84.025,0.000,0.050,-4.2974,0.0261,RepeatObjectAlong
84.076,0.000,0.050,-4.2995,0.0271,RepeatObjectAlong
84.127,0.000,0.050,-4.3019,0.0241,RepeatObjectAlong
84.176,0.000,0.050,-4.3045,0.0258,RepeatObjectAlong
84.228,0.000,0.050,-4.3068,0.0274,RepeatObjectAlong
84.276,0.000,0.050,-4.3087,0.0237,RepeatObjectAlong
84.326,0.000,0.050,-4.3106,0.0219,RepeatObjectAlong
84.378,0.000,0.050,-4.3132,0.0246,RepeatObjectAlong
84.428,0.000,0.050,-4.3147,0.0181,RepeatObjectAlong
84.477,0.000,0.050,-4.3178,0.0280,RepeatObjectAlong
84.530,0.000,0.050,-4.3211,0.0314,RepeatObjectAlong
84.577,0.000,0.050,-4.3251,0.0360,RepeatObjectAlong
84.627,0.000,0.050,-4.3291,0.0396,RepeatObjectAlong
84.678,0.000,0.050,-4.3324,0.0385,RepeatObjectAlong
84.726,0.000,0.050,-4.3357,0.0388,RepeatObjectAlong
84.779,0.000,0.050,-4.3389,0.0354,RepeatObjectAlong
84.828,0.000,0.050,-4.3428,0.0403,RepeatObjectAlong
84.878,0.000,0.050,-4.3459,0.0398,RepeatObjectAlong
84.929,0.000,0.050,-4.3487,0.0356,RepeatObjectAlong
84.980,0.000,0.050,-4.3520,0.0373,RepeatObjectAlong
85.029,0.000,0.050,-4.3541,0.0285,RepeatObjectAlong
85.078,0.000,0.050,-4.3566,0.0333,RepeatObjectAlong
85.128,0.000,0.050,-4.3585,0.0296,RepeatObjectAlong
85.178,0.000,0.050,-4.3608,0.0262,RepeatObjectAlong
85.230,0.000,0.050,-4.3642,0.0341,RepeatObjectAlong
85.278,0.000,0.050,-4.3651,0.0273,RepeatObjectAlong
85.331,0.000,0.050,-4.3685,0.0354,RepeatObjectAlong
85.380,0.000,0.050,-4.3705,0.0307,RepeatObjectAlong
85.430,0.000,0.050,-4.3734,0.0348,RepeatObjectAlong
85.480,0.000,0.050,-4.3756,0.0372,RepeatObjectAlong
85.530,0.000,0.050,-4.3777,0.0344,RepeatObjectAlong
85.580,0.000,0.050,-4.3807,0.0343,RepeatObjectAlong
85.631,0.000,0.050,-4.3848,0.0349,RepeatObjectAlong
85.681,0.000,0.050,-4.2156,0.0405,RepeatObjectAlong
85.733,0.000,0.050,-4.2206,0.0427,RepeatObjectAlong
85.782,0.000,0.050,-4.2262,0.0391,RepeatObjectAlong
85.831,0.000,0.050,-4.2323,0.0451,RepeatObjectAlong
85.883,0.000,0.050,-4.2384,0.0429,RepeatObjectAlong
85.932,0.000,0.050,-4.2446,0.0423,RepeatObjectAlong
85.983,0.000,0.050,-4.2511,0.0472,RepeatObjectAlong
86.031,0.000,0.050,-4.2576,0.0484,RepeatObjectAlong
86.084,0.000,0.050,-4.2639,0.0459,RepeatObjectAlong
86.132,0.000,0.050,-4.2706,0.0526,RepeatObjectAlong
86.182,0.000,0.050,-4.2766,0.0498,RepeatObjectAlong
86.231,0.000,0.050,-4.2835,0.0487,RepeatObjectAlong
86.282,0.000,0.050,-4.2905,0.0556,RepeatObjectAlong
86.332,0.000,0.050,-4.2967,0.0542,RepeatObjectAlong
86.382,0.000,0.050,-4.3025,0.0512,RepeatObjectAlong
86.432,0.000,0.050,-4.3095,0.0550,RepeatObjectAlong
86.483,0.000,0.050,-4.3158,0.0535,RepeatObjectAlong
86.532,0.000,0.050,-4.3228,0.0518,RepeatObjectAlong
86.582,0.000,0.050,-4.3298,0.0548,RepeatObjectAlong
86.633,0.000,0.050,-4.3366,0.0581,RepeatObjectAlong
86.682,0.000,0.050,-4.3433,0.0596,RepeatObjectAlong
86.734,0.000,0.050,-4.3499,0.0531,RepeatObjectAlong
86.784,0.000,0.050,-4.3569,0.0588,RepeatObjectAlong
86.835,0.000,0.050,-4.3635,0.0591,RepeatObjectAlong
86.887,0.000,0.050,-4.3697,0.0553,RepeatObjectAlong
86.934,0.000,0.050,-4.3755,0.0528,RepeatObjectAlong
86.968,0.000,0.050,-4.3823,0.0521,RepeatObjectAlong
87.019,0.000,0.050,-4.3887,0.0531,RepeatObjectAlong
87.069,0.000,0.050,-4.3952,0.0565,RepeatObjectAlong
87.121,0.000,0.050,-4.4009,0.0561,RepeatObjectAlong
87.169,0.000,0.050,-4.4072,0.0519,RepeatObjectAlong
87.219,0.000,0.050,-4.4056,0.0039,RepeatObjectAlong
87.271,0.000,0.050,-4.4056,0.0046,RepeatObjectAlong
87.318,0.000,0.050,-4.4056,0.0026,RepeatObjectAlong
87.370,0.000,0.050,-4.4056,0.0010,RepeatObjectAlong
87.421,0.000,0.050,-4.4053,0.0027,RepeatObjectAlong
87.471,0.000,0.050,-4.4052,0.0033,RepeatObjectAlong
87.520,0.000,0.050,-4.4049,0.0005,RepeatObjectAlong
87.570,0.000,0.050,-4.4045,0.0041,RepeatObjectAlong
87.620,0.000,0.050,-4.4043,0.0008,RepeatObjectAlong
87.670,0.000,0.050,-4.4035,0.0022,RepeatObjectAlong
87.723,0.000,0.050,-4.4028,0.0053,RepeatObjectAlong
87.772,0.000,0.050,-4.4026,0.0024,RepeatObjectAlong
87.823,0.000,0.050,-4.4019,0.0032,RepeatObjectAlong
87.871,0.000,0.050,-4.4017,0.0019,RepeatObjectAlong
87.921,0.000,0.050,-4.4014,0.0006,RepeatObjectAlong
87.973,0.000,0.050,-4.4012,0.0015,RepeatObjectAlong
88.022,0.000,0.050,-4.4006,0.0068,RepeatObjectAlong
88.072,0.000,0.050,-4.4006,0.0014,RepeatObjectAlong
88.122,0.000,0.050,-4.4004,0.0006,RepeatObjectAlong
88.172,0.000,0.050,-4.3998,0.0018,RepeatObjectAlong
88.222,0.000,0.050,-4.3997,0.0024,RepeatObjectAlong
88.273,0.000,0.050,-4.3994,0.0025,RepeatObjectAlong
88.322,0.000,0.050,-4.3990,0.0051,RepeatObjectAlong
88.372,0.000,0.050,-4.3985,0.0039,RepeatObjectAlong
88.424,0.000,0.050,-4.3980,0.0019,RepeatObjectAlong
88.474,0.000,0.050,-4.3979,0.0062,RepeatObjectAlong
88.525,0.000,0.050,-4.3976,0.0014,RepeatObjectAlong
88.574,0.000,0.050,-4.3973,0.0009,RepeatObjectAlong
88.623,0.000,0.050,-4.3970,0.0042,RepeatObjectAlong
88.674,0.000,0.050,-4.3966,0.0052,RepeatObjectAlong
88.722,0.000,0.050,-4.3965,0.0013,RepeatObjectAlong
88.774,0.000,0.050,-4.3961,0.0030,RepeatObjectAlong
88.826,0.000,0.050,-4.3955,0.0034,RepeatObjectAlong
88.873,0.000,0.050,-4.3954,0.0005,RepeatObjectAlong
88.925,0.000,0.050,-4.3947,0.0053,RepeatObjectAlong
88.973,0.000,0.050,-4.3942,0.0029,RepeatObjectAlong
89.024,0.000,0.050,-4.3938,0.0027,RepeatObjectAlong
89.076,0.000,0.050,-4.3933,0.0009,RepeatObjectAlong
89.124,0.000,0.050,-4.3932,0.0006,RepeatObjectAlong
89.175,0.000,0.050,-4.3930,0.0019,RepeatObjectAlong
89.226,0.000,0.050,-4.3928,0.0030,RepeatObjectAlong
89.276,0.000,0.050,-4.3924,0.0056,RepeatObjectAlong
89.325,0.000,0.050,-4.3921,0.0041,RepeatObjectAlong
89.374,0.000,0.050,-4.3918,0.0047,RepeatObjectAlong
89.426,0.000,0.050,-4.3918,0.0024,RepeatObjectAlong
89.476,0.000,0.050,-4.3913,0.0032,RepeatObjectAlong
89.526,0.000,0.050,-4.3910,0.0038,RepeatObjectAlong
89.573,0.000,0.050,-4.3908,0.0034,RepeatObjectAlong
