time_s,cte_true,cte_pred,steer,throttle,speed,lap,hit
0.024,0.00046,-3.28125,1.0000,0.100,0.0000,0,none
0.069,0.00046,-3.26562,1.0000,0.100,0.0000,0,none
0.105,0.00067,-3.28125,1.0000,0.100,0.0069,0,none
0.155,0.00137,-3.28125,1.0000,0.100,0.0209,0,none
0.206,0.00278,-3.14062,1.0000,0.100,0.0321,0,none
0.254,0.00502,-3.25000,1.0000,0.100,0.0483,0,none
0.305,0.00805,-3.20312,1.0000,0.100,0.0528,0,none
0.355,0.01168,-3.37500,1.0000,0.100,0.0707,0,none
0.405,0.01638,-3.31250,1.0000,0.100,0.0809,0,none
0.454,0.02161,-3.29688,1.0000,0.100,0.0927,0,none
0.505,0.02755,-3.43750,1.0000,0.100,0.1045,0,none
0.554,0.03436,-3.62500,1.0000,0.100,0.1142,0,none
0.606,0.04228,-3.87500,1.0000,0.100,0.1261,0,none
0.656,0.05135,-3.81250,1.0000,0.100,0.1371,0,none
0.706,0.06167,-3.96875,1.0000,0.100,0.1480,0,none
0.755,0.07337,-3.81250,1.0000,0.100,0.1588,0,none
0.805,0.08657,-3.82812,1.0000,0.100,0.1695,0,none
0.855,0.10139,-3.70312,1.0000,0.100,0.1800,0,none
0.906,0.11797,-3.92188,1.0000,0.100,0.1904,0,none
0.957,0.14247,-3.85938,1.0000,0.100,0.2087,0,none
1.006,0.16556,-4.15625,1.0000,0.100,0.2111,0,none
1.057,0.18205,-4.62500,1.0000,0.100,0.2284,0,none
1.107,0.20365,-4.53125,1.0000,0.100,0.2310,0,none
1.157,0.23171,-4.59375,1.0000,0.100,0.2411,0,none
1.206,0.26001,-4.50000,1.0000,0.100,0.2508,0,none
1.257,0.29331,-5.03125,1.0000,0.100,0.2604,0,none
1.307,0.32960,-5.12500,1.0000,0.100,0.2699,0,none
1.358,0.36905,-5.21875,1.0000,0.100,0.2792,0,none
1.407,0.41183,-5.00000,1.0000,0.100,0.2885,0,none
1.457,0.45809,-4.90625,1.0000,0.100,0.2977,0,none
1.508,0.50802,-4.96875,1.0000,0.100,0.3068,0,none
1.559,0.56176,-4.78125,1.0000,0.100,0.3157,0,none
1.609,0.61949,-4.59375,1.0000,0.100,0.3246,0,none
1.658,0.68137,-4.56250,1.0000,0.100,0.3334,0,none
1.708,0.74754,-4.31250,1.0000,0.100,0.3420,0,none
1.758,0.81817,-4.06250,1.0000,0.100,0.3506,0,none
1.809,0.89340,-3.76562,1.0000,0.100,0.3591,0,none
1.860,0.97337,-3.67188,1.0000,0.100,0.3675,0,none
1.909,1.05823,-3.15625,1.0000,0.100,0.3758,0,none
1.961,1.14810,-2.98438,1.0000,0.100,0.3839,0,none
2.009,1.24311,-2.96875,1.0000,0.100,0.3920,0,none
2.061,1.34337,-3.03125,1.0000,0.100,0.4001,0,none
2.109,1.43638,-3.12500,1.0000,0.100,0.4080,0,none
2.160,1.54934,-3.01562,1.0000,0.100,0.4158,0,none
2.214,1.66782,-2.67188,1.0000,0.100,0.4235,0,none
2.259,1.79764,-2.10938,1.0000,0.100,0.4374,0,none
2.320,1.93033,-1.24219,0.8951,0.100,0.4386,0,none
2.357,2.06568,-0.19531,-0.0995,0.100,0.4466,0,none
2.405,2.20215,-0.17383,-0.1199,0.100,0.4512,0,none
2.457,2.32858,-0.15820,-0.1347,0.100,0.4593,0,none
2.507,2.45588,-0.17383,-0.1199,0.100,0.4675,0,none
2.556,2.58488,-0.12451,-0.1667,0.100,0.4756,0,none
2.606,2.71550,-0.14160,-0.1505,0.100,0.4836,0,none
2.655,2.84423,-0.14062,-0.1514,0.100,0.4948,0,none
2.706,2.97962,-0.02905,-0.2574,0.100,0.4993,0,none
2.757,3.11403,0.01294,-0.2973,0.100,0.5071,0,none
2.808,3.24692,0.04639,-0.3291,0.100,0.5147,0,none
2.858,3.36528,0.05518,-0.3374,0.100,0.5221,0,none
2.908,3.49966,0.04297,-0.3258,0.100,0.5297,0,none
2.958,3.63390,0.05225,-0.3346,0.100,0.5371,0,none
3.009,3.76808,0.05200,-0.3344,0.100,0.5445,0,none
3.058,3.89581,0.04419,-0.3270,0.100,0.5501,0,none
3.108,4.02580,0.06104,-0.3430,0.100,0.5596,0,none
3.158,4.15878,0.04321,-0.3261,0.100,0.5663,0,none
3.208,4.29072,0.05835,-0.3404,0.100,0.5734,0,none
3.259,4.42182,0.04761,-0.3302,0.100,0.5804,0,none
3.310,4.55181,0.06885,-0.3504,0.100,0.5874,0,none
3.361,4.68074,0.07324,-0.3546,0.100,0.5942,0,none
3.409,4.80795,0.04956,-0.3321,0.100,0.6009,0,none
3.459,4.92945,0.06396,-0.3458,0.100,0.6077,0,none
3.508,5.05535,0.04224,-0.3251,0.100,0.6143,0,none
3.561,5.17938,0.05200,-0.3344,0.100,0.6209,0,none
3.610,5.30213,0.06177,-0.3437,0.100,0.6285,0,none
3.663,5.42214,0.06226,-0.3441,0.100,0.6341,0,none
3.711,5.53999,0.04907,-0.3316,0.100,0.6402,0,none
3.762,5.65558,0.04468,-0.3274,0.100,0.6466,0,none
3.813,5.76916,0.07129,-0.3527,0.100,0.6529,0,none
3.862,5.88026,0.06787,-0.3495,0.100,0.6590,0,none
3.913,5.98383,0.06689,-0.3485,0.100,0.6651,0,none
3.963,6.09028,0.06299,-0.3448,0.100,0.6711,0,none
4.012,6.19374,0.05249,-0.3349,0.100,0.6772,0,none
4.062,6.29422,0.06299,-0.3448,0.100,0.6831,0,none
4.111,6.39167,0.06836,-0.3499,0.100,0.6890,0,none
4.163,6.48547,0.06641,-0.3481,0.100,0.6947,0,none
4.214,6.57554,0.05933,-0.3414,0.100,0.7005,0,none
4.261,6.66195,0.05029,-0.3328,0.100,0.7062,0,none
4.315,6.73912,0.06543,-0.3472,0.100,0.7119,0,none
4.362,6.82061,0.05884,-0.3409,0.100,0.7174,0,none
4.412,6.89777,0.03247,-0.3158,0.100,0.7229,0,none
4.462,6.97103,0.05933,-0.3414,0.100,0.7284,0,none
4.513,7.04071,0.06299,-0.3448,0.100,0.7338,0,none
4.564,7.10540,0.05444,-0.3367,0.100,0.7391,0,none
4.614,7.16541,0.02930,-0.3128,0.100,0.7444,0,none
4.663,7.21291,0.05005,-0.3325,0.100,0.7497,0,none
4.715,7.26810,0.05737,-0.3395,0.100,0.7549,0,none
4.765,7.31799,0.05200,-0.3344,0.100,0.7599,0,none
4.817,7.36273,0.04541,-0.3281,0.100,0.7650,0,none
4.867,7.40252,0.05005,-0.3325,0.100,0.7700,0,none
4.916,7.43738,0.07617,-0.3574,0.100,0.7750,0,none
4.966,7.46652,0.04492,-0.3277,0.100,0.7798,0,none
5.017,7.48742,0.04297,-0.3258,0.100,0.7847,0,none
5.067,7.50649,0.05103,-0.3335,0.100,0.7896,0,none
5.100,7.52023,0.05811,-0.3402,0.100,0.7943,0,none
5.151,7.52797,0.04150,-0.3244,0.100,0.7990,0,none
5.201,7.52995,0.03906,-0.3221,0.100,0.8037,0,none
5.252,7.52644,0.06128,-0.3432,0.100,0.8083,0,none
5.301,7.51682,0.05103,-0.3335,0.100,0.8128,0,none
5.352,7.49650,0.04541,-0.3281,0.100,0.8173,0,none
5.401,7.47729,0.04932,-0.3319,0.100,0.8218,0,none
5.453,7.45194,0.03540,-0.3186,0.100,0.8262,0,none
5.502,7.42033,0.03345,-0.3168,0.100,0.8306,0,none
5.555,7.38282,0.05322,-0.3356,0.100,0.8350,0,none
5.605,7.33882,0.01453,-0.2988,0.100,0.8392,0,none
5.653,7.27698,0.05322,-0.3356,0.100,0.8435,0,none
5.704,7.22714,0.03198,-0.3154,0.100,0.8476,0,none
5.752,7.17007,0.03735,-0.3205,0.100,0.8518,0,none
5.804,7.10680,0.05176,-0.3342,0.100,0.8559,0,none
5.853,7.03659,0.04810,-0.3307,0.100,0.8599,0,none
5.902,6.95915,0.04810,-0.3307,0.100,0.8639,0,none
5.953,6.87117,0.07422,-0.3555,0.100,0.8679,0,none
6.003,6.78127,0.03979,-0.3228,0.100,0.8717,0,none
6.052,6.68376,0.05444,-0.3367,0.100,0.8757,0,none
6.104,6.57970,0.03931,-0.3223,0.100,0.8795,0,none
6.154,6.46830,0.04248,-0.3254,0.100,0.8833,0,none
6.204,6.35008,0.05029,-0.3328,0.100,0.8871,0,none
6.254,6.20962,0.05469,-0.3370,0.100,0.8908,0,none
6.305,6.08342,0.05664,-0.3388,0.100,0.8944,0,none
6.355,5.94966,0.04077,-0.3237,0.100,0.8981,0,none
6.403,5.80870,0.01794,-0.3020,0.100,0.9017,0,none
6.454,5.66102,0.02478,-0.3085,0.100,0.9054,0,none
6.504,5.50686,0.00458,-0.2893,0.100,0.9090,0,none
6.556,5.34591,0.00346,-0.2883,0.100,0.9125,0,none
6.604,5.16656,-0.00565,-0.2796,0.100,0.9161,0,none
6.654,5.00034,-0.00273,-0.2824,0.100,0.9195,0,none
6.704,4.82782,0.01379,-0.2981,0.100,0.9230,0,none
6.753,4.64856,-0.02368,-0.2625,0.100,0.9263,0,none
6.804,4.46299,-0.13672,-0.1551,0.100,0.9298,0,none
6.854,4.27319,-0.28125,-0.0178,0.100,0.9333,0,none
6.903,4.05527,-0.41797,0.1121,0.100,0.9367,0,none
6.955,3.88097,-0.79688,0.4720,0.100,0.9397,0,none
7.004,3.72907,-1.51562,1.0000,0.100,0.9383,0,none
7.055,3.58931,-1.78125,1.0000,0.100,0.9323,0,none
7.106,3.48646,-1.89844,1.0000,0.100,0.9310,0,none
7.156,3.40738,-1.88281,1.0000,0.100,0.9320,0,none
7.206,3.35168,-1.86719,1.0000,0.100,0.9329,0,none
7.256,3.30104,-1.76562,1.0000,0.100,0.9484,0,none
7.304,3.31491,-1.73438,1.0000,0.100,0.9362,0,none
7.356,3.35032,-1.39844,1.0000,0.100,0.9373,0,none
7.410,3.40916,-1.20312,0.8580,0.100,0.9383,0,none
7.456,3.48412,-1.04688,0.7095,0.100,0.9434,0,none
7.507,3.58154,-0.43359,0.1269,0.100,0.9446,0,none
7.555,3.66290,-0.19336,-0.1013,0.100,0.9472,0,none
7.606,3.76750,-0.32227,0.0212,0.100,0.9527,0,none
7.656,3.86744,-0.18359,-0.1106,0.100,0.9546,0,none
7.706,3.96987,-0.11572,-0.1751,0.100,0.9575,0,none
7.756,4.06711,-0.09668,-0.1932,0.100,0.9604,0,none
7.807,4.11483,-0.04907,-0.2384,0.100,0.9634,0,none
7.859,4.22205,-0.03857,-0.2484,0.100,0.9662,0,none
7.907,4.32286,-0.07910,-0.2099,0.100,0.9691,0,none
7.958,4.41780,-0.03442,-0.2523,0.100,0.9721,0,none
8.007,4.50814,0.01172,-0.2961,0.100,0.9750,0,none
8.056,4.59116,-0.00720,-0.2782,0.100,0.9776,0,none
8.107,4.61059,-0.01154,-0.2740,0.100,0.9804,0,none
8.158,4.70660,-0.01501,-0.2707,0.100,0.9832,0,none
8.208,4.79591,-0.00842,-0.2770,0.100,0.9860,0,none
8.257,4.87835,0.01648,-0.3007,0.100,0.9887,0,none
8.309,4.95295,0.00586,-0.2906,0.100,0.9912,0,none
8.356,5.01940,0.01300,-0.2974,0.100,0.9939,0,none
8.406,5.07836,0.04614,-0.3288,0.100,0.9965,0,none
8.457,5.09642,0.02661,-0.3103,0.100,0.9988,0,none
8.507,5.16802,0.04102,-0.3240,0.100,1.0014,0,none
8.558,5.23160,0.04126,-0.3242,0.100,1.0039,0,none
8.606,5.28619,0.00922,-0.2938,0.100,1.0063,0,none
8.659,5.33212,0.03198,-0.3154,0.100,1.0089,0,none
8.709,5.37002,0.04468,-0.3274,0.100,1.0113,0,none
8.759,5.37516,0.03833,-0.3214,0.100,1.0136,0,none
8.807,5.41947,0.03040,-0.3139,0.100,1.0159,0,none
8.858,5.45493,0.04199,-0.3249,0.100,1.0183,0,none
8.910,5.48139,0.05640,-0.3386,0.100,1.0206,0,none
8.959,5.49831,0.01514,-0.2994,0.100,1.0228,0,none
9.011,5.47014,0.04077,-0.3237,0.100,1.0251,0,none
9.059,5.49119,0.03955,-0.3226,0.100,1.0274,0,none
9.109,5.50251,0.04346,-0.3263,0.100,1.0295,0,none
9.160,5.50433,0.03088,-0.3143,0.100,1.0317,0,none
9.212,5.49658,0.02686,-0.3105,0.100,1.0339,0,none
9.261,5.47990,0.04932,-0.3319,0.100,1.0361,0,none
9.309,5.42628,0.02588,-0.3096,0.100,1.0381,0,none
9.361,5.41362,0.04370,-0.3265,0.100,1.0403,0,none
9.411,5.39180,0.04370,-0.3265,0.100,1.0423,0,none
9.461,5.35991,0.02002,-0.3040,0.100,1.0443,0,none
9.511,5.31832,0.04468,-0.3274,0.100,1.0464,0,none
9.564,5.22991,0.01453,-0.2988,0.100,1.0484,0,none
9.613,5.19190,-0.02551,-0.2608,0.100,1.0504,0,none
9.663,5.14555,0.01672,-0.3009,0.100,1.0526,0,none
9.713,5.09166,-0.00647,-0.2789,0.100,1.0545,0,none
9.764,5.02800,-0.01483,-0.2709,0.100,1.0565,0,none
9.812,4.95620,-0.02344,-0.2627,0.100,1.0585,0,none
9.862,4.85827,-0.04028,-0.2467,0.100,1.0605,0,none
9.911,4.78770,-0.06885,-0.2196,0.100,1.0625,0,none
9.962,4.70996,-0.09082,-0.1987,0.100,1.0646,0,none
10.012,4.62620,-0.11963,-0.1714,0.100,1.0666,0,none
10.065,4.53686,-0.11230,-0.1783,0.100,1.0687,0,none
10.115,4.42599,-0.13184,-0.1598,0.100,1.0706,0,none
10.164,4.33937,-0.18066,-0.1134,0.100,1.0726,0,none
10.214,4.24865,-0.17578,-0.1180,0.100,1.0746,0,none
10.264,4.15507,-0.26367,-0.0345,0.100,1.0766,0,none
10.315,4.05826,-0.50000,0.1900,0.100,1.0785,0,none
10.363,3.94863,-0.54297,0.2308,0.100,1.0795,0,none
10.414,3.87666,-0.62109,0.3050,0.100,1.0808,0,none
10.465,3.81337,-0.71875,0.3978,0.100,1.0823,0,none
10.518,3.76131,-0.75391,0.4312,0.100,1.0832,0,none
10.565,3.72421,-0.80469,0.4795,0.100,1.0839,0,none
10.617,3.69036,-1.02344,0.6873,0.100,1.0846,0,none
10.665,3.69730,-0.93359,0.6019,0.100,1.0840,0,none
10.715,3.73059,-0.72266,0.4015,0.100,1.0832,0,none
10.769,3.78223,-0.52344,0.2123,0.100,1.0853,0,none
10.821,3.84242,-0.26562,-0.0327,0.100,1.0880,0,none
10.869,3.88632,-0.22070,-0.0753,0.100,1.0901,0,none
10.918,3.95980,-0.11816,-0.1727,0.100,1.0917,0,none
10.969,4.02912,-0.13672,-0.1551,0.100,1.0933,0,none
11.017,4.09122,-0.13574,-0.1560,0.100,1.0948,0,none
11.066,4.14817,-0.24805,-0.0494,0.100,1.0965,0,none
11.117,4.18677,-0.14844,-0.1440,0.100,1.0982,0,none
11.167,4.25224,-0.03882,-0.2481,0.100,1.0998,0,none
11.219,4.31031,-0.05566,-0.2321,0.100,1.1008,0,none
11.251,4.35785,-0.06030,-0.2277,0.100,1.1022,0,none
11.301,4.39791,-0.00470,-0.2805,0.100,1.1038,0,none
11.354,4.41515,-0.05469,-0.2330,0.100,1.1050,0,none
11.401,4.45394,-0.06396,-0.2242,0.100,1.1067,0,none
11.452,4.48586,-0.06396,-0.2242,0.100,1.1082,0,none
11.502,4.51040,-0.02856,-0.2579,0.100,1.1097,0,none
11.553,4.52678,-0.04639,-0.2409,0.100,1.1110,0,none
11.601,4.52788,-0.10791,-0.1825,0.100,1.1124,0,none
11.652,4.53797,-0.03369,-0.2530,0.100,1.1141,0,none
11.701,4.54154,-0.05225,-0.2354,0.100,1.1152,0,none
11.751,4.53542,-0.08496,-0.2043,0.100,1.1166,0,none
11.802,4.52195,-0.08203,-0.2071,0.100,1.1181,0,none
11.852,4.49620,-0.06177,-0.2263,0.100,1.1195,0,none
11.902,4.48208,-0.06592,-0.2224,0.100,1.1208,0,none
11.950,4.45980,-0.09668,-0.1932,0.100,1.1221,0,none
12.003,4.43029,-0.10205,-0.1881,0.100,1.1236,0,none
12.052,4.38495,-0.08643,-0.2029,0.100,1.1250,0,none
12.102,4.35123,-0.09424,-0.1955,0.100,1.1263,0,none
12.153,4.31024,-0.14453,-0.1477,0.100,1.1276,0,none
12.202,4.26325,-0.16602,-0.1273,0.100,1.1291,0,none
12.254,4.21241,-0.29102,-0.0085,0.100,1.1305,0,none
12.302,4.14869,-0.47266,0.1640,0.100,1.1318,0,none
12.354,4.11329,-0.30859,0.0082,0.100,1.1325,0,none
12.404,4.08421,-0.25391,-0.0438,0.100,1.1337,0,none
12.453,4.05203,-0.23047,-0.0661,0.100,1.1351,0,none
12.504,4.01663,-0.37500,0.0713,0.100,1.1364,0,none
12.554,3.97613,-0.41992,0.1139,0.100,1.1375,0,none
12.604,3.95599,-0.39258,0.0879,0.100,1.1386,0,none
12.655,3.94036,-0.44727,0.1399,0.100,1.1399,0,none
12.704,3.92831,-0.55859,0.2457,0.100,1.1410,0,none
12.755,3.90945,-0.38867,0.0842,0.100,1.1416,0,none
12.805,3.92686,-0.42188,0.1158,0.100,1.1429,0,none
12.854,3.94492,-0.34766,0.0453,0.100,1.1442,0,none
12.904,3.96695,-0.26758,-0.0308,0.100,1.1454,0,none
12.955,3.98903,-0.17578,-0.1180,0.100,1.1466,0,none
13.005,3.99479,-0.18262,-0.1115,0.100,1.1477,0,none
13.055,4.02588,-0.17285,-0.1208,0.100,1.1488,0,none
13.106,4.05280,-0.16699,-0.1264,0.100,1.1500,0,none
13.155,4.07518,-0.15820,-0.1347,0.100,1.1511,0,none
13.206,4.09280,-0.14746,-0.1449,0.100,1.1522,0,none
13.261,4.09465,-0.14746,-0.1449,0.100,1.1533,0,none
13.305,4.12416,-0.17383,-0.1199,0.100,1.1544,0,none
13.354,4.14854,-0.15332,-0.1393,0.100,1.1556,0,none
13.404,4.16878,-0.16309,-0.1301,0.100,1.1566,0,none
13.455,4.16005,-0.15625,-0.1366,0.100,1.1577,0,none
13.504,4.19012,-0.15625,-0.1366,0.100,1.1588,0,none
13.555,4.21508,-0.17188,-0.1217,0.100,1.1598,0,none
13.605,4.23508,-0.12695,-0.1644,0.100,1.1609,0,none
13.656,4.24963,-0.13574,-0.1560,0.100,1.1618,0,none
13.706,4.23228,-0.14453,-0.1477,0.100,1.1628,0,none
13.755,4.26077,-0.11182,-0.1788,0.100,1.1638,0,none
13.805,4.28365,-0.15625,-0.1366,0.100,1.1647,0,none
13.858,4.30051,-0.14355,-0.1486,0.100,1.1657,0,none
13.907,4.31268,-0.13086,-0.1607,0.100,1.1667,0,none
13.958,4.29857,-0.14258,-0.1496,0.100,1.1676,0,none
14.005,4.32505,-0.13086,-0.1607,0.100,1.1685,0,none
14.055,4.34601,-0.13867,-0.1533,0.100,1.1695,0,none
14.107,4.36096,-0.08203,-0.2071,0.100,1.1704,0,none
14.156,4.36975,-0.13867,-0.1533,0.100,1.1711,0,none
14.208,4.35068,-0.13965,-0.1523,0.100,1.1720,0,none
14.257,4.37747,-0.12793,-0.1635,0.100,1.1729,0,none
14.306,4.39859,-0.12695,-0.1644,0.100,1.1738,0,none
14.356,4.41332,-0.08594,-0.2034,0.100,1.1746,0,none
14.407,4.42142,-0.11621,-0.1746,0.100,1.1754,0,none
14.457,4.40498,-0.10010,-0.1899,0.100,1.1762,0,none
14.506,4.43164,-0.12158,-0.1695,0.100,1.1770,0,none
14.556,4.45100,-0.12207,-0.1690,0.100,1.1778,0,none
14.606,4.46417,-0.12061,-0.1704,0.100,1.1787,0,none
14.657,4.42035,-0.11133,-0.1792,0.100,1.1795,0,none
14.708,4.45536,-0.12793,-0.1635,0.100,1.1802,0,none
14.757,4.48351,-0.10156,-0.1885,0.100,1.1810,0,none
14.807,4.50543,-0.14258,-0.1496,0.100,1.1818,0,none
14.859,4.52005,-0.07080,-0.2177,0.100,1.1826,0,none
14.907,4.48298,-0.12500,-0.1662,0.100,1.1830,0,none
14.958,4.51442,-0.09521,-0.1945,0.100,1.1838,0,none
15.008,4.54000,-0.09717,-0.1927,0.100,1.1845,0,none
15.058,4.55778,-0.11523,-0.1755,0.100,1.1852,0,none
15.107,4.56818,-0.09766,-0.1922,0.100,1.1860,0,none
15.159,4.52261,-0.07178,-0.2168,0.100,1.1866,0,none
15.210,4.55610,-0.06934,-0.2191,0.100,1.1872,0,none
15.259,4.58073,-0.13281,-0.1588,0.100,1.1878,0,none
15.309,4.59840,-0.16016,-0.1329,0.100,1.1887,0,none
15.358,4.61095,-0.08350,-0.2057,0.100,1.1895,0,none
15.409,4.58183,-0.09277,-0.1969,0.100,1.1900,0,none
15.459,4.61031,-0.09473,-0.1950,0.100,1.1905,0,none
15.508,4.63113,-0.10400,-0.1862,0.100,1.1912,0,none
15.559,4.64446,-0.08398,-0.2052,0.100,1.1918,0,none
15.610,4.65049,-0.11230,-0.1783,0.100,1.1924,0,none
15.660,4.61604,-0.08057,-0.2085,0.100,1.1931,0,none
15.718,4.63816,-0.05273,-0.2349,0.100,1.1936,0,none
15.770,4.65153,-0.07471,-0.2140,0.100,1.1941,0,none
15.818,4.65537,-0.08887,-0.2006,0.100,1.1946,0,none
15.869,4.65106,-0.10938,-0.1811,0.100,1.1952,0,none
15.907,4.61106,-0.07080,-0.2177,0.100,1.1959,0,none
15.957,4.62434,-0.12500,-0.1662,0.100,1.1964,0,none
16.008,4.62887,-0.10449,-0.1857,0.100,1.1970,0,none
16.058,4.62743,-0.08691,-0.2024,0.100,1.1976,0,none
16.107,4.61816,-0.07910,-0.2099,0.100,1.1981,0,none
16.157,4.57101,-0.11572,-0.1751,0.100,1.1986,0,none
16.208,4.58437,-0.09424,-0.1955,0.100,1.1993,0,none
16.257,4.59119,-0.12012,-0.1709,0.100,1.1998,0,none
16.307,4.59015,-0.09814,-0.1918,0.100,1.2004,0,none
16.357,4.58228,-0.07910,-0.2099,0.100,1.2009,0,none
16.407,4.52995,-0.08301,-0.2061,0.100,1.2013,0,none
16.458,4.55212,-0.06592,-0.2224,0.100,1.2018,0,none
16.509,4.56585,-0.12988,-0.1616,0.100,1.2022,0,none
16.558,4.57146,-0.12500,-0.1662,0.100,1.2029,0,none
16.608,4.57149,-0.10889,-0.1816,0.100,1.2035,0,none
16.659,4.51789,-0.10840,-0.1820,0.100,1.2040,0,none
16.709,4.55554,-0.12598,-0.1653,0.100,1.2045,0,none
16.758,4.58617,-0.09863,-0.1913,0.100,1.2051,0,none
16.809,4.61001,-0.08691,-0.2024,0.100,1.2055,0,none
16.858,4.62569,-0.06250,-0.2256,0.100,1.2059,0,none
16.908,4.56910,-0.04565,-0.2416,0.100,1.2063,0,none
16.958,4.62307,-0.09326,-0.1964,0.100,1.2066,0,none
17.010,4.66783,-0.11914,-0.1718,0.100,1.2071,0,none
17.060,4.70568,-0.08447,-0.2048,0.100,1.2077,0,none
17.109,4.73650,-0.04395,-0.2433,0.100,1.2081,0,none
17.159,4.68693,-0.05249,-0.2351,0.100,1.2083,0,none
17.209,4.74968,-0.04736,-0.2400,0.100,1.2086,0,none
17.260,4.80311,-0.03296,-0.2537,0.100,1.2090,0,none
17.310,4.84664,-0.00946,-0.2760,0.100,1.2092,0,none
17.360,4.87932,-0.05078,-0.2368,0.100,1.2094,0,none
17.409,4.81102,-0.02478,-0.2615,0.100,1.2098,0,none
17.459,4.87847,-0.02856,-0.2579,0.100,1.2101,0,none
17.516,4.93521,-0.03784,-0.2491,0.100,1.2104,0,none
17.567,4.98161,-0.02039,-0.2656,0.100,1.2107,0,none
17.613,5.01806,-0.02063,-0.2654,0.100,1.2110,0,none
17.661,5.04361,0.00690,-0.2916,0.100,1.2113,0,none
17.713,5.01191,-0.01019,-0.2753,0.100,1.2114,0,none
17.763,5.06497,-0.01782,-0.2681,0.100,1.2116,0,none
17.813,5.10714,-0.02368,-0.2625,0.100,1.2119,0,none
17.862,5.13868,-0.00824,-0.2772,0.100,1.2122,0,none
17.913,5.15942,-0.04126,-0.2458,0.100,1.2124,0,none
17.963,5.10091,-0.03101,-0.2555,0.100,1.2127,0,none
18.013,5.15691,-0.02124,-0.2648,0.100,1.2131,0,none
18.064,5.20262,0.00726,-0.2919,0.100,1.2133,0,none
18.113,5.23695,0.00439,-0.2892,0.100,1.2134,0,none
18.164,5.25893,0.00082,-0.2858,0.100,1.2135,0,none
18.215,5.16555,-0.01550,-0.2703,0.100,1.2137,0,none
18.265,5.22714,-0.01636,-0.2695,0.100,1.2140,0,none
18.314,5.27813,0.00137,-0.2863,0.100,1.2143,0,none
18.365,5.31819,-0.01721,-0.2686,0.100,1.2145,0,none
18.416,5.34645,-0.00351,-0.2817,0.100,1.2147,0,none
18.448,5.36370,-0.02979,-0.2567,0.100,1.2149,0,none
18.499,5.28789,-0.01099,-0.2746,0.100,1.2152,0,none
18.548,5.35022,-0.01044,-0.2751,0.100,1.2154,0,none
18.600,5.40114,-0.03589,-0.2509,0.100,1.2156,0,none
18.651,5.44155,-0.02637,-0.2600,0.100,1.2159,0,none
18.700,5.47195,-0.01385,-0.2718,0.100,1.2162,0,none
18.749,5.49140,-0.02332,-0.2629,0.100,1.2163,0,none
18.799,5.48597,-0.01019,-0.2753,0.100,1.2166,0,none
18.850,5.51319,-0.01794,-0.2680,0.100,1.2167,0,none
18.900,5.52918,-0.00806,-0.2773,0.100,1.2169,0,none
18.950,5.53414,-0.03931,-0.2477,0.100,1.2171,0,none
19.001,5.54534,-0.05347,-0.2342,0.100,1.2174,0,none
19.052,5.49902,-0.05713,-0.2307,0.100,1.2178,0,none
19.101,5.44343,-0.06836,-0.2201,0.100,1.2181,0,none
19.151,5.37867,-0.02466,-0.2616,0.100,1.2184,0,none
19.201,5.30557,-0.05713,-0.2307,0.100,1.2185,0,none
19.251,5.19625,-0.07275,-0.2159,0.100,1.2189,0,none
19.301,5.07833,-0.05835,-0.2296,0.100,1.2192,0,none
19.351,4.96736,-0.06445,-0.2238,0.100,1.2195,0,none
19.401,4.81146,-0.08789,-0.2015,0.100,1.2197,0,none
19.452,4.64749,-0.11084,-0.1797,0.100,1.2201,0,none
19.501,4.47633,-0.13184,-0.1598,0.100,1.2205,0,none
19.552,4.31386,-0.30664,0.0063,0.100,1.2210,0,none
19.600,4.11164,-0.54688,0.2345,0.100,1.2213,0,none
19.652,3.91572,-0.64062,0.3236,0.100,1.2204,0,none
19.701,3.74076,-1.20312,0.8580,0.100,1.2210,0,none
19.752,3.60234,-1.39844,1.0000,0.100,1.2100,0,none
19.803,3.46488,-1.54688,1.0000,0.100,1.1991,0,none
19.853,3.36994,-1.65625,1.0000,0.100,1.1941,0,none
19.902,3.31809,-1.54688,1.0000,0.100,1.2003,0,none
19.955,3.31515,-1.46094,1.0000,0.100,1.1877,0,none
20.005,3.30418,-1.65625,1.0000,0.100,1.1841,0,none
20.055,3.33078,-1.37500,1.0000,0.100,1.1806,0,none
20.104,3.39483,-1.11719,0.7763,0.100,1.1771,0,none
20.154,3.49721,-0.92969,0.5982,0.100,1.1862,0,none
20.207,3.58884,-0.73828,0.4164,0.100,1.1782,0,none
20.255,3.68745,-0.41016,0.1046,0.100,1.1810,0,none
20.305,3.80320,-0.41992,0.1139,0.100,1.1813,0,none
20.357,3.91854,-0.24414,-0.0531,0.100,1.1831,0,none
20.404,3.99938,-0.18066,-0.1134,0.100,1.1836,0,none
20.455,4.07418,-0.18555,-0.1087,0.100,1.1843,0,none
20.504,4.16764,-0.17969,-0.1143,0.100,1.1851,0,none
20.555,4.19661,-0.13867,-0.1533,0.100,1.1859,0,none
20.606,4.22080,-0.13867,-0.1533,0.100,1.1866,0,none
20.655,4.23842,-0.15918,-0.1338,0.100,1.1873,0,none
20.705,4.25767,-0.20801,-0.0874,0.100,1.1881,0,none
20.756,4.23221,-0.21973,-0.0763,0.100,1.1889,0,none
20.809,4.20408,-0.13574,-0.1560,0.100,1.1897,0,none
20.859,4.17100,-0.21777,-0.0781,0.100,1.1902,0,none
20.907,4.12106,-0.29492,-0.0048,0.100,1.1910,0,none
20.958,4.03973,-0.51953,0.2086,0.100,1.1918,0,none
21.007,3.96319,-0.54297,0.2308,0.100,1.1914,0,none
21.057,3.90921,-0.51953,0.2086,0.100,1.1916,0,none
21.108,3.81090,-0.68750,0.3681,0.100,1.1921,0,none
21.165,3.72163,-0.78516,0.4609,0.100,1.1916,0,none
21.256,3.68969,-1.35938,1.0000,0.100,1.1932,0,none
21.279,3.59013,-1.20312,0.8580,0.100,1.1914,0,none
21.315,3.51253,-1.42969,1.0000,0.100,1.1789,0,none
21.354,3.47983,-1.60938,1.0000,0.100,1.1733,0,none
21.406,3.49858,-1.37500,1.0000,0.100,1.1684,0,none
21.456,3.49343,-1.17188,0.8283,0.100,1.1650,0,none
21.505,3.52365,-1.16406,0.8209,0.100,1.1642,0,none
21.556,3.60937,-0.69141,0.3718,0.100,1.1640,0,none
21.606,3.63022,-0.79688,0.4720,0.100,1.1671,0,none
21.655,3.65959,-0.72266,0.4015,0.100,1.1672,0,none
21.707,3.70724,-0.51172,0.2011,0.100,1.1677,0,none
21.757,3.77226,-0.58984,0.2754,0.100,1.1690,0,none
21.806,3.79239,-0.54688,0.2345,0.100,1.1699,0,none
21.856,3.82231,-0.51172,0.2011,0.100,1.1708,0,none
21.905,3.88544,-0.54297,0.2308,0.100,1.1718,0,none
21.956,3.89290,-0.46289,0.1547,0.100,1.1726,0,none
22.006,3.90751,-0.38086,0.0768,0.100,1.1736,0,none
22.059,3.92494,-0.37109,0.0675,0.100,1.1747,0,none
22.107,3.95380,-0.29883,-0.0011,0.100,1.1757,0,none
22.158,3.94448,-0.39844,0.0935,0.100,1.1766,0,none
22.207,3.93569,-0.42578,0.1195,0.100,1.1774,0,none
22.259,3.93207,-0.55859,0.2457,0.100,1.1781,0,none
22.308,3.93308,-0.44336,0.1362,0.100,1.1784,0,none
22.359,3.90892,-0.47070,0.1622,0.100,1.1790,0,none
22.408,3.88893,-0.44336,0.1362,0.100,1.1799,0,none
22.459,3.89416,-0.49414,0.1844,0.100,1.1808,0,none
22.509,3.85288,-0.58984,0.2754,0.100,1.1815,0,none
22.558,3.82022,-0.61328,0.2976,0.100,1.1817,0,none
22.608,3.80027,-0.52344,0.2123,0.100,1.1818,0,none
22.658,3.79982,-0.55469,0.2420,0.100,1.1826,0,none
22.709,3.76055,-0.68359,0.3644,0.100,1.1834,0,none
22.759,3.73309,-0.80859,0.4832,0.100,1.1829,0,none
22.809,3.72429,-0.65234,0.3347,0.100,1.1816,0,none
22.859,3.73011,-0.65625,0.3384,0.100,1.1820,0,none
22.918,3.71773,-0.73828,0.4164,0.100,1.1829,0,none
22.971,3.71868,-0.72266,0.4015,0.100,1.1827,0,none
23.000,3.75238,-0.67969,0.3607,0.100,1.1827,0,none
23.051,3.75866,-0.63281,0.3162,0.100,1.1834,0,none
23.104,3.77689,-0.61719,0.3013,0.100,1.1842,0,none
23.154,3.80651,-0.49609,0.1863,0.100,1.1847,0,none
23.205,3.85637,-0.39453,0.0898,0.100,1.1856,0,none
23.254,3.86727,-0.35938,0.0564,0.100,1.1868,0,none
23.305,3.87982,-0.35742,0.0546,0.100,1.1877,0,none
23.353,3.89411,-0.29102,-0.0085,0.100,1.1885,0,none
23.403,3.90593,-0.35156,0.0490,0.100,1.1893,0,none
23.453,3.88241,-0.44336,0.1362,0.100,1.1901,0,none
23.503,3.86386,-0.47266,0.1640,0.100,1.1905,0,none
23.553,3.86893,-0.45703,0.1492,0.100,1.1911,0,none
23.605,3.81992,-0.57031,0.2568,0.100,1.1917,0,none
23.655,3.77968,-0.64062,0.3236,0.100,1.1917,0,none
23.704,3.75294,-0.65625,0.3384,0.100,1.1915,0,none
23.755,3.73115,-0.64453,0.3273,0.100,1.1916,0,none
23.807,3.68332,-0.82031,0.4943,0.100,1.1920,0,none
23.855,3.65127,-0.80469,0.4795,0.100,1.1904,0,none
23.905,3.65371,-0.78125,0.4572,0.100,1.1898,0,none
23.956,3.62157,-0.85156,0.5240,0.100,1.1899,0,none
24.004,3.60737,-0.92578,0.5945,0.100,1.1893,0,none
24.054,3.61703,-0.82812,0.5017,0.100,1.1874,0,none
24.106,3.64474,-0.66797,0.3496,0.100,1.1880,0,none
24.158,3.65776,-0.78125,0.4572,0.100,1.1888,0,none
24.205,3.68261,-0.65234,0.3347,0.100,1.1888,0,none
24.255,3.74492,-0.67578,0.3570,0.100,1.1890,0,none
24.306,3.76375,-0.68750,0.3681,0.100,1.1896,0,none
24.356,3.79658,-0.46094,0.1529,0.100,1.1898,0,none
24.407,3.84216,-0.48828,0.1789,0.100,1.1905,0,none
24.456,3.89590,-0.41797,0.1121,0.100,1.1915,0,none
24.507,3.91414,-0.56641,0.2531,0.100,1.1924,0,none
24.558,3.93719,-0.36523,0.0620,0.100,1.1925,0,none
24.606,3.99263,-0.33594,0.0341,0.100,1.1929,0,none
24.656,3.99790,-0.23145,-0.0651,0.100,1.1938,0,none
24.707,4.00289,-0.39453,0.0898,0.100,1.1945,0,none
24.758,4.00527,-0.36719,0.0638,0.100,1.1949,0,none
24.808,4.02545,-0.44336,0.1362,0.100,1.1956,0,none
24.857,4.01413,-0.45312,0.1455,0.100,1.1960,0,none
24.908,4.00912,-0.37695,0.0731,0.100,1.1966,0,none
24.958,4.00945,-0.46484,0.1566,0.100,1.1973,0,none
25.007,4.02075,-0.41797,0.1121,0.100,1.1978,0,none
25.059,3.99975,-0.37500,0.0713,0.100,1.1985,0,none
25.109,3.98232,-0.49219,0.1826,0.100,1.1992,0,none
25.158,3.96808,-0.43164,0.1251,0.100,1.1996,0,none
25.208,3.95264,-0.54297,0.2308,0.100,1.2002,0,none
25.259,3.91459,-0.59766,0.2828,0.100,1.2002,0,none
25.310,3.88761,-0.61719,0.3013,0.100,1.2003,0,none
25.360,3.88405,-0.52344,0.2123,0.100,1.2004,0,none
25.409,3.83724,-0.66016,0.3421,0.100,1.2012,0,none
25.459,3.80146,-0.73438,0.4127,0.100,1.2005,0,none
25.509,3.81282,-0.69141,0.3718,0.100,1.2000,0,none
25.559,3.76844,-0.73438,0.4127,0.100,1.2000,0,none
25.610,3.73857,-0.75000,0.4275,0.100,1.1999,0,none
25.659,3.72597,-0.71484,0.3941,0.100,1.1996,0,none
25.709,3.73891,-0.64453,0.3273,0.100,1.1997,0,none
25.761,3.71073,-0.75000,0.4275,0.100,1.2002,0,none
25.814,3.69521,-0.95312,0.6205,0.100,1.1999,0,none
25.860,3.72819,-0.85938,0.5314,0.100,1.1970,0,none
25.911,3.71266,-0.60156,0.2865,0.100,1.1960,0,none
25.961,3.71466,-0.65625,0.3384,0.100,1.1970,0,none
26.013,3.72387,-0.58594,0.2716,0.100,1.1979,0,none
26.062,3.74691,-0.71875,0.3978,0.100,1.1984,0,none
26.112,3.73800,-0.69141,0.3718,0.100,1.1980,0,none
26.164,3.74675,-0.67969,0.3607,0.100,1.1978,0,none
26.214,3.79094,-0.53906,0.2271,0.100,1.1981,0,none
26.263,3.78607,-0.66406,0.3459,0.100,1.1988,0,none
26.312,3.78911,-0.63672,0.3199,0.100,1.1989,0,none
26.363,3.80737,-0.44531,0.1380,0.100,1.1989,0,none
26.413,3.83446,-0.51562,0.2048,0.100,1.1999,0,none
26.465,3.82191,-0.73438,0.4127,0.100,1.2004,0,none
26.519,3.81890,-0.62891,0.3125,0.100,1.1998,0,none
26.568,3.85396,-0.68750,0.3681,0.100,1.1988,0,none
26.618,3.83665,-0.65625,0.3384,0.100,1.1993,0,none
26.673,3.83410,-0.75391,0.4312,0.100,1.1993,0,none
26.720,3.84505,-0.77734,0.4535,0.100,1.1992,0,none
26.777,3.87410,-0.64844,0.3310,0.100,1.1984,0,none
26.828,3.89741,-0.45703,0.1492,0.100,1.1985,0,none
26.876,3.93194,-0.22461,-0.0716,0.100,1.1996,0,none
26.924,3.93697,-0.25781,-0.0401,0.100,1.2004,0,none
26.962,3.99470,-0.26172,-0.0364,0.100,1.2009,0,none
27.013,4.05022,-0.18262,-0.1115,0.100,1.2016,0,none
27.064,4.10352,-0.13965,-0.1523,0.100,1.2021,0,none
27.115,4.15063,-0.10596,-0.1843,0.100,1.2025,0,none
27.162,4.16208,-0.06348,-0.2247,0.100,1.2030,0,none
27.215,4.22661,-0.13867,-0.1533,0.100,1.2033,0,none
27.263,4.28281,-0.12793,-0.1635,0.100,1.2039,0,none
27.314,4.33376,-0.12988,-0.1616,0.100,1.2045,0,none
27.365,4.37813,-0.11084,-0.1797,0.100,1.2050,0,none
27.397,4.39727,-0.07129,-0.2173,0.100,1.2055,0,none
27.448,4.45575,-0.08740,-0.2020,0.100,1.2058,0,none
27.498,4.50539,-0.07666,-0.2122,0.100,1.2063,0,none
27.546,4.54702,-0.08496,-0.2043,0.100,1.2067,0,none
27.598,4.58013,-0.07666,-0.2122,0.100,1.2072,0,none
27.647,4.59562,-0.11328,-0.1774,0.100,1.2076,0,none
27.698,4.63974,-0.12402,-0.1672,0.100,1.2082,0,none
27.748,4.67752,-0.09570,-0.1941,0.100,1.2087,0,none
27.797,4.70827,-0.08398,-0.2052,0.100,1.2091,0,none
27.848,4.70326,-0.07275,-0.2159,0.100,1.2094,0,none
27.897,4.74326,-0.07080,-0.2177,0.100,1.2098,0,none
27.947,4.77437,-0.04395,-0.2433,0.100,1.2102,0,none
28.001,4.79623,-0.04883,-0.2386,0.100,1.2104,0,none
28.050,4.80791,-0.04590,-0.2414,0.100,1.2107,0,none
28.098,4.78375,-0.03271,-0.2539,0.100,1.2111,0,none
28.149,4.80923,-0.07080,-0.2177,0.100,1.2113,0,none
28.200,4.82486,-0.03369,-0.2530,0.100,1.2118,0,none
28.250,4.83166,-0.03662,-0.2502,0.100,1.2120,0,none
28.300,4.82772,-0.00221,-0.2829,0.100,1.2123,0,none
28.349,4.78564,-0.01953,-0.2664,0.100,1.2123,0,none
28.402,4.79960,-0.09814,-0.1918,0.100,1.2126,0,none
28.449,4.80427,-0.09082,-0.1987,0.100,1.2132,0,none
28.499,4.80218,-0.03809,-0.2488,0.100,1.2137,0,none
28.549,4.79055,-0.06396,-0.2242,0.100,1.2137,0,none
28.600,4.75089,-0.07324,-0.2154,0.100,1.2141,0,none
28.650,4.75314,-0.06934,-0.2191,0.100,1.2145,0,none
28.699,4.74670,-0.09180,-0.1978,0.100,1.2148,0,none
28.749,4.73188,-0.09277,-0.1969,0.100,1.2153,0,none
28.800,4.66602,-0.10547,-0.1848,0.100,1.2157,0,none
28.853,4.66864,-0.10791,-0.1825,0.100,1.2161,0,none
28.903,4.66394,-0.13086,-0.1607,0.100,1.2165,0,none
28.953,4.65243,-0.11963,-0.1714,0.100,1.2170,0,none
29.001,4.63446,-0.07959,-0.2094,0.100,1.2174,0,none
29.052,4.57530,-0.10791,-0.1825,0.100,1.2176,0,none
29.103,4.57235,-0.13672,-0.1551,0.100,1.2179,0,none
29.152,4.56309,-0.07568,-0.2131,0.100,1.2184,0,none
29.202,4.54686,-0.05884,-0.2291,0.100,1.2186,0,none
29.252,4.52067,-0.13281,-0.1588,0.100,1.2187,0,none
29.304,4.46565,-0.17578,-0.1180,0.100,1.2192,0,none
29.353,4.45441,-0.14062,-0.1514,0.100,1.2198,0,none
29.402,4.43799,-0.17090,-0.1226,0.100,1.2201,0,none
29.451,4.41536,-0.12061,-0.1704,0.100,1.2206,0,none
29.505,4.38770,-0.14453,-0.1477,0.100,1.2209,0,none
29.552,4.34624,-0.14453,-0.1477,0.100,1.2213,0,none
29.605,4.32817,-0.12695,-0.1644,0.100,1.2217,0,none
29.652,4.30388,-0.12988,-0.1616,0.100,1.2220,0,none
29.705,4.27259,-0.20312,-0.0920,0.100,1.2223,0,none
29.754,4.21564,-0.23535,-0.0614,0.100,1.2229,0,none
29.804,4.20216,-0.40234,0.0972,0.100,1.2233,0,none
29.853,4.18792,-0.29688,-0.0030,0.100,1.2234,0,none
29.904,4.17913,-0.20605,-0.0892,0.100,1.2237,0,none
29.952,4.16669,-0.24512,-0.0521,0.100,1.2240,0,none
30.003,4.13954,-0.22852,-0.0679,0.100,1.2244,0,none
30.053,4.14950,-0.19531,-0.0995,0.100,1.2249,0,none
30.104,4.15621,-0.12061,-0.1704,0.100,1.2252,0,none
30.156,4.15776,-0.13477,-0.1570,0.100,1.2254,0,none
30.205,4.11735,-0.24902,-0.0484,0.100,1.2257,0,none
30.254,4.13974,-0.21777,-0.0781,0.100,1.2260,0,none
30.306,4.16137,-0.18750,-0.1069,0.100,1.2265,0,none
30.355,4.17879,-0.18750,-0.1069,0.100,1.2268,0,none
30.405,4.19131,-0.16797,-0.1254,0.100,1.2271,0,none
30.455,4.18222,-0.14746,-0.1449,0.100,1.2275,0,none
30.506,4.21231,-0.10107,-0.1890,0.100,1.2277,0,none
30.555,4.23571,-0.13477,-0.1570,0.100,1.2279,0,none
30.607,4.25143,-0.11816,-0.1727,0.100,1.2282,0,none
30.655,4.23752,-0.10547,-0.1848,0.100,1.2285,0,none
30.706,4.26039,-0.04883,-0.2386,0.100,1.2287,0,none
30.755,4.27487,-0.12109,-0.1700,0.100,1.2287,0,none
30.807,4.28047,-0.13477,-0.1570,0.100,1.2291,0,none
30.856,4.27990,-0.10938,-0.1811,0.100,1.2294,0,none
30.905,4.26152,-0.15723,-0.1356,0.100,1.2296,0,none
30.959,4.26748,-0.10352,-0.1867,0.100,1.2299,0,none
31.006,4.26690,-0.10498,-0.1853,0.100,1.2301,0,none
31.058,4.25801,-0.15332,-0.1393,0.100,1.2303,0,none
31.107,4.22026,-0.11621,-0.1746,0.100,1.2306,0,none
31.156,4.22028,-0.12354,-0.1676,0.100,1.2309,0,none
31.207,4.21280,-0.13086,-0.1607,0.100,1.2311,0,none
31.257,4.19834,-0.14258,-0.1496,0.100,1.2314,0,none
31.307,4.17737,-0.10840,-0.1820,0.100,1.2317,0,none
31.357,4.14070,-0.34570,0.0434,0.100,1.2318,0,none
31.406,4.13362,-0.29688,-0.0030,0.100,1.2318,0,none
31.456,4.12979,-0.23535,-0.0614,0.100,1.2322,0,none
31.509,4.12477,-0.18555,-0.1087,0.100,1.2325,0,none
31.556,4.10409,-0.20898,-0.0865,0.100,1.2327,0,none
31.608,4.10550,-0.25977,-0.0382,0.100,1.2330,0,none
31.657,4.10481,-0.22754,-0.0688,0.100,1.2334,0,none
31.708,4.10289,-0.28711,-0.0122,0.100,1.2337,0,none
31.758,4.07520,-0.15820,-0.1347,0.100,1.2341,0,none
31.808,4.08954,-0.21191,-0.0837,0.100,1.2341,0,none
31.860,4.09806,-0.21973,-0.0763,0.100,1.2344,0,none
31.910,4.10355,-0.18945,-0.1050,0.100,1.2348,0,none
31.958,4.10573,-0.22949,-0.0670,0.100,1.2350,0,none
32.010,4.08701,-0.14746,-0.1449,0.100,1.2353,0,none
32.060,4.10932,-0.15234,-0.1403,0.100,1.2355,0,none
32.112,4.12458,-0.14648,-0.1458,0.100,1.2356,0,none
32.162,4.13383,-0.12402,-0.1672,0.100,1.2359,0,none
32.220,4.10930,-0.11523,-0.1755,0.100,1.2360,0,none
32.271,4.12995,-0.14941,-0.1431,0.100,1.2362,0,none
32.319,4.14329,-0.18164,-0.1124,0.100,1.2364,0,none
32.371,4.15129,-0.14551,-0.1468,0.100,1.2367,0,none
32.408,4.15503,-0.14258,-0.1496,0.100,1.2370,0,none
32.460,4.13765,-0.16309,-0.1301,0.100,1.2371,0,none
32.515,4.15527,-0.15332,-0.1393,0.100,1.2374,0,none
32.565,4.16761,-0.10596,-0.1843,0.100,1.2376,0,none
32.616,4.17355,-0.11914,-0.1718,0.100,1.2377,0,none
32.665,4.14245,-0.12988,-0.1616,0.100,1.2378,0,none
32.713,4.15999,-0.11816,-0.1727,0.100,1.2380,0,none
32.761,4.17079,-0.13086,-0.1607,0.100,1.2382,0,none
32.813,4.17424,-0.14258,-0.1496,0.100,1.2384,0,none
32.860,4.17120,-0.15332,-0.1393,0.100,1.2386,0,none
32.911,4.14457,-0.15137,-0.1412,0.100,1.2389,0,none
32.962,4.15986,-0.15234,-0.1403,0.100,1.2391,0,none
33.011,4.16918,-0.14941,-0.1431,0.100,1.2393,0,none
33.061,4.17251,-0.17188,-0.1217,0.100,1.2395,0,none
33.110,4.13265,-0.18066,-0.1134,0.100,1.2397,0,none
33.165,4.15730,-0.13281,-0.1588,0.100,1.2400,0,none
33.212,4.17697,-0.17188,-0.1217,0.100,1.2401,0,none
33.262,4.18984,-0.18750,-0.1069,0.100,1.2403,0,none
33.314,4.19805,-0.15332,-0.1393,0.100,1.2406,0,none
33.362,4.17210,-0.14551,-0.1468,0.100,1.2408,0,none
33.411,4.20788,-0.21973,-0.0763,0.100,1.2409,0,none
33.460,4.23736,-0.16016,-0.1329,0.100,1.2411,0,none
33.511,4.26326,-0.16113,-0.1319,0.100,1.2413,0,none
33.562,4.28298,-0.13184,-0.1598,0.100,1.2414,0,none
33.612,4.28072,-0.15039,-0.1421,0.100,1.2416,0,none
33.663,4.32389,-0.11035,-0.1802,0.100,1.2417,0,none
33.712,4.36054,-0.12305,-0.1681,0.100,1.2418,0,none
33.761,4.38899,-0.09863,-0.1913,0.100,1.2419,0,none
33.812,4.37014,-0.09717,-0.1927,0.100,1.2420,0,none
33.861,4.41901,-0.11230,-0.1783,0.100,1.2420,0,none
33.911,4.45983,-0.13184,-0.1598,0.100,1.2421,0,none
33.965,4.49331,-0.10742,-0.1829,0.100,1.2423,0,none
34.017,4.52017,-0.10010,-0.1899,0.100,1.2424,0,none
34.064,4.51863,-0.06250,-0.2256,0.100,1.2425,0,none
34.119,4.55678,-0.11621,-0.1746,0.100,1.2425,0,none
34.164,4.58505,-0.13867,-0.1533,0.100,1.2425,0,none
34.199,4.60629,-0.10742,-0.1829,0.100,1.2427,0,none
34.248,4.62092,-0.06641,-0.2219,0.100,1.2428,0,none
34.298,4.62005,-0.09424,-0.1955,0.100,1.2426,0,none
34.349,4.64072,-0.08057,-0.2085,0.100,1.2428,0,none
34.400,4.65328,-0.10059,-0.1894,0.100,1.2428,0,none
34.449,4.65708,-0.09912,-0.1908,0.100,1.2429,0,none
34.499,4.63142,-0.11670,-0.1741,0.100,1.2430,0,none
34.551,4.64778,-0.07959,-0.2094,0.100,1.2432,0,none
34.600,4.65631,-0.06934,-0.2191,0.100,1.2431,0,none
34.649,4.65514,-0.12256,-0.1686,0.100,1.2431,0,none
34.700,4.64531,-0.10254,-0.1876,0.100,1.2433,0,none
34.750,4.61670,-0.12207,-0.1690,0.100,1.2434,0,none
34.800,4.62479,-0.07324,-0.2154,0.100,1.2436,0,none
34.855,4.62506,-0.08936,-0.2001,0.100,1.2434,0,none
34.906,4.61569,-0.10693,-0.1834,0.100,1.2435,0,none
34.955,4.56348,-0.09570,-0.1941,0.100,1.2436,0,none
35.007,4.57279,-0.10156,-0.1885,0.100,1.2437,0,none
35.055,4.57375,-0.11670,-0.1741,0.100,1.2438,0,none
35.102,4.56695,-0.13281,-0.1588,0.100,1.2439,0,none
35.153,4.55320,-0.14062,-0.1514,0.100,1.2441,0,none
35.203,4.51214,-0.10254,-0.1876,0.100,1.2443,0,none
35.253,4.51758,-0.12793,-0.1635,0.100,1.2443,0,none
35.301,4.51482,-0.12988,-0.1616,0.100,1.2444,0,none
35.351,4.50542,-0.15527,-0.1375,0.100,1.2445,0,none
35.402,4.45276,-0.14258,-0.1496,0.100,1.2447,0,none
35.453,4.46162,-0.13770,-0.1542,0.100,1.2449,0,none
35.502,4.46389,-0.12793,-0.1635,0.100,1.2450,0,none
35.554,4.45937,-0.15234,-0.1403,0.100,1.2451,0,none
35.606,4.44837,-0.12891,-0.1625,0.100,1.2453,0,none
35.659,4.40994,-0.13770,-0.1542,0.100,1.2453,0,none
35.704,4.41379,-0.19629,-0.0985,0.100,1.2454,0,none
35.755,4.41160,-0.13867,-0.1533,0.100,1.2457,0,none
35.803,4.40434,-0.12354,-0.1676,0.100,1.2457,0,none
35.854,4.38955,-0.16797,-0.1254,0.100,1.2457,0,none
35.904,4.35981,-0.20020,-0.0948,0.100,1.2459,0,none
35.954,4.36148,-0.15625,-0.1366,0.100,1.2461,0,none
36.005,4.35920,-0.15234,-0.1403,0.100,1.2462,0,none
36.054,4.35042,-0.13965,-0.1523,0.100,1.2463,0,none
36.104,4.30851,-0.16602,-0.1273,0.100,1.2464,0,none
36.156,4.31919,-0.16211,-0.1310,0.100,1.2466,0,none
36.206,4.32472,-0.22461,-0.0716,0.100,1.2467,0,none
36.254,4.32511,-0.20410,-0.0911,0.100,1.2469,0,none
36.304,4.32259,-0.20410,-0.0911,0.100,1.2471,0,none
36.356,4.29716,-0.15430,-0.1384,0.100,1.2473,0,none
36.407,4.32682,-0.16602,-0.1273,0.100,1.2474,0,none
36.456,4.35023,-0.13379,-0.1579,0.100,1.2475,0,none
36.507,4.36799,-0.17090,-0.1226,0.100,1.2475,0,none
36.559,4.33066,-0.14551,-0.1468,0.100,1.2477,0,none
36.613,4.37709,-0.12012,-0.1709,0.100,1.2478,0,none
36.658,4.41677,-0.13086,-0.1607,0.100,1.2478,0,none
36.708,4.44881,-0.12988,-0.1616,0.100,1.2478,0,none
36.758,4.47405,-0.12305,-0.1681,0.100,1.2479,0,none
36.810,4.45364,-0.11133,-0.1792,0.100,1.2480,0,none
36.859,4.50570,-0.13672,-0.1551,0.100,1.2480,0,none
36.909,4.55012,-0.09717,-0.1927,0.100,1.2481,0,none
36.961,4.58793,-0.04639,-0.2409,0.100,1.2481,0,none
37.018,4.61655,-0.07812,-0.2108,0.100,1.2478,0,none
37.068,4.60399,-0.08252,-0.2066,0.100,1.2478,0,none
37.119,4.65514,-0.10645,-0.1839,0.100,1.2478,0,none
37.169,4.69760,-0.09033,-0.1992,0.100,1.2479,0,none
37.208,4.73204,-0.03979,-0.2472,0.100,1.2479,0,none
37.258,4.75704,-0.02856,-0.2579,0.100,1.2477,0,none
37.311,4.73953,-0.05518,-0.2326,0.100,1.2475,0,none
37.360,4.79241,-0.02991,-0.2566,0.100,1.2474,0,none
37.409,4.83532,-0.03320,-0.2535,0.100,1.2473,0,none
37.460,4.86694,-0.04077,-0.2463,0.100,1.2472,0,none
37.511,4.88779,-0.01648,-0.2693,0.100,1.2471,0,none
37.560,4.85752,-0.02747,-0.2589,0.100,1.2469,0,none
37.610,4.91432,-0.07617,-0.2126,0.100,1.2468,0,none
37.661,4.96057,-0.04126,-0.2458,0.100,1.2469,0,none
37.710,4.99813,-0.01007,-0.2754,0.100,1.2468,0,none
37.762,5.02420,-0.02820,-0.2582,0.100,1.2465,0,none
37.809,4.99070,-0.05176,-0.2358,0.100,1.2464,0,none
37.862,5.04887,-0.03955,-0.2474,0.100,1.2464,0,none
37.911,5.09725,-0.02905,-0.2574,0.100,1.2464,0,none
37.962,5.13485,-0.00284,-0.2823,0.100,1.2462,0,none
38.012,5.16078,-0.02576,-0.2605,0.100,1.2459,0,none
38.063,5.12585,-0.00491,-0.2803,0.100,1.2458,0,none
38.112,5.17848,-0.01031,-0.2752,0.100,1.2457,0,none
38.162,5.21912,-0.01044,-0.2751,0.100,1.2455,0,none
38.211,5.24800,-0.02039,-0.2656,0.100,1.2454,0,none
38.261,5.26514,-0.03857,-0.2484,0.100,1.2453,0,none
38.311,5.23017,-0.04150,-0.2456,0.100,1.2453,0,none
38.362,5.26822,-0.04150,-0.2456,0.100,1.2453,0,none
38.410,5.29586,-0.01685,-0.2690,0.100,1.2453,0,none
38.463,5.31260,-0.02637,-0.2600,0.100,1.2451,0,none
38.513,5.31744,-0.02295,-0.2632,0.100,1.2449,0,none
38.561,5.28346,-0.03735,-0.2495,0.100,1.2449,0,none
38.613,5.30076,-0.05298,-0.2347,0.100,1.2449,0,none
38.664,5.30785,-0.03027,-0.2562,0.100,1.2449,0,none
38.717,5.30511,-0.03015,-0.2564,0.100,1.2448,0,none
38.763,5.29116,-0.04785,-0.2395,0.100,1.2447,0,none
38.813,5.24953,-0.02820,-0.2582,0.100,1.2447,0,none
38.863,5.24646,-0.04321,-0.2439,0.100,1.2446,0,none
38.913,5.23206,-0.10791,-0.1825,0.100,1.2445,0,none
38.964,5.20750,-0.07959,-0.2094,0.100,1.2446,0,none
39.016,5.16187,-0.05933,-0.2286,0.100,1.2447,0,none
39.048,5.13337,-0.07422,-0.2145,0.100,1.2446,0,none
39.098,5.09497,-0.07324,-0.2154,0.100,1.2447,0,none
39.152,5.04763,-0.07471,-0.2140,0.100,1.2447,0,none
39.202,4.99116,-0.07617,-0.2126,0.100,1.2447,0,none
39.252,4.92665,-0.11621,-0.1746,0.100,1.2448,0,none
39.301,4.84425,-0.12109,-0.1700,0.100,1.2449,0,none
39.350,4.75512,-0.12598,-0.1653,0.100,1.2451,0,none
39.399,4.65905,-0.12891,-0.1625,0.100,1.2452,0,none
39.450,4.55654,-0.16406,-0.1291,0.100,1.2453,0,none
39.500,4.43966,-0.25977,-0.0382,0.100,1.2455,0,none
39.550,4.31929,-0.19922,-0.0957,0.100,1.2458,0,none
39.603,4.19698,-0.44141,0.1343,0.100,1.2459,0,none
39.655,4.07411,-0.45703,0.1492,0.100,1.2454,0,none
39.706,3.95957,-0.68750,0.3681,0.100,1.2452,0,none
39.752,3.85557,-0.80469,0.4795,0.100,1.2433,0,none
39.803,3.77423,-0.95703,0.6242,0.100,1.2407,0,none
39.852,3.71737,-0.93359,0.6019,0.100,1.2378,0,none
39.902,3.67950,-0.86328,0.5351,0.100,1.2357,0,none
39.953,3.66620,-0.94922,0.6168,0.100,1.2351,0,none
40.002,3.67654,-0.88672,0.5574,0.100,1.2330,0,none
40.053,3.71179,-0.78906,0.4646,0.100,1.2324,0,none
40.104,3.75245,-0.63672,0.3199,0.100,1.2322,0,none
40.153,3.80955,-0.47266,0.1640,0.100,1.2328,0,none
40.205,3.88946,-0.41406,0.1084,0.100,1.2339,0,none
40.254,3.93594,-0.26562,-0.0327,0.100,1.2344,0,none
40.305,3.98507,-0.27344,-0.0252,0.100,1.2346,0,none
40.354,4.03104,-0.33594,0.0341,0.100,1.2350,0,none
40.404,4.08835,-0.40625,0.1009,0.100,1.2353,0,none
40.455,4.11130,-0.18945,-0.1050,0.100,1.2354,0,none
40.506,4.13762,-0.30273,0.0026,0.100,1.2352,0,none
40.555,4.15755,-0.21680,-0.0790,0.100,1.2355,0,none
40.604,4.17838,-0.17383,-0.1199,0.100,1.2357,0,none
40.655,4.17012,-0.36719,0.0638,0.100,1.2358,0,none
40.705,4.15787,-0.31445,0.0137,0.100,1.2358,0,none
40.757,4.16819,-0.30078,0.0007,0.100,1.2361,0,none
40.805,4.13704,-0.28320,-0.0160,0.100,1.2364,0,none
40.857,4.10515,-0.28516,-0.0141,0.100,1.2367,0,none
40.905,4.07237,-0.42969,0.1232,0.100,1.2371,0,none
40.959,4.04954,-0.49805,0.1881,0.100,1.2370,0,none
41.007,4.00174,-0.57031,0.2568,0.100,1.2369,0,none
41.056,3.96505,-0.53516,0.2234,0.100,1.2363,0,none
41.107,3.93924,-0.61719,0.3013,0.100,1.2365,0,none
41.159,3.92512,-0.60156,0.2865,0.100,1.2361,0,none
41.206,3.90467,-0.50781,0.1974,0.100,1.2359,0,none
41.257,3.89553,-0.49414,0.1844,0.100,1.2361,0,none
41.307,3.90546,-0.53125,0.2197,0.100,1.2365,0,none
41.357,3.89686,-0.50781,0.1974,0.100,1.2366,0,none
41.407,3.89797,-0.37695,0.0731,0.100,1.2367,0,none
41.459,3.90373,-0.41602,0.1102,0.100,1.2372,0,none
41.509,3.92598,-0.40234,0.0972,0.100,1.2374,0,none
41.562,3.91640,-0.38867,0.0842,0.100,1.2377,0,none
41.613,3.91078,-0.41992,0.1139,0.100,1.2380,0,none
41.660,3.90937,-0.40820,0.1028,0.100,1.2382,0,none
41.709,3.92138,-0.33594,0.0341,0.100,1.2384,0,none
41.758,3.90091,-0.54688,0.2345,0.100,1.2387,0,none
41.809,3.88283,-0.63281,0.3162,0.100,1.2381,0,none
41.859,3.88007,-0.58594,0.2716,0.100,1.2369,0,none
41.911,3.88828,-0.55469,0.2420,0.100,1.2368,0,none
41.962,3.88067,-0.57812,0.2642,0.100,1.2371,0,none
42.014,3.88291,-0.55078,0.2382,0.100,1.2371,0,none
42.062,3.90977,-0.51562,0.2048,0.100,1.2371,0,none
42.111,3.90291,-0.54297,0.2308,0.100,1.2374,0,none
42.162,3.90442,-0.53125,0.2197,0.100,1.2374,0,none
42.211,3.91590,-0.64062,0.3236,0.100,1.2375,0,none
42.269,3.93799,-0.48047,0.1714,0.100,1.2368,0,none
42.319,3.94123,-0.42773,0.1213,0.100,1.2368,0,none
42.368,3.94920,-0.47266,0.1640,0.100,1.2374,0,none
42.420,3.97839,-0.37305,0.0694,0.100,1.2377,0,none
42.459,3.95946,-0.48047,0.1714,0.100,1.2379,0,none
42.510,3.94423,-0.41211,0.1065,0.100,1.2379,0,none
42.559,3.93708,-0.31836,0.0174,0.100,1.2381,0,none
42.610,3.93016,-0.49805,0.1881,0.100,1.2384,0,none
42.659,3.89489,-0.55859,0.2457,0.100,1.2381,0,none
42.710,3.87103,-0.64453,0.3273,0.100,1.2377,0,none
42.762,3.87420,-0.58984,0.2754,0.100,1.2370,0,none
42.810,3.83920,-0.68750,0.3681,0.100,1.2369,0,none
42.862,3.81679,-0.66016,0.3421,0.100,1.2361,0,none
42.910,3.81140,-0.67188,0.3533,0.100,1.2357,0,none
42.960,3.81116,-0.64453,0.3273,0.100,1.2356,0,none
43.012,3.78980,-0.76562,0.4423,0.100,1.2355,0,none
43.062,3.78400,-0.70312,0.3830,0.100,1.2341,0,none
43.114,3.80641,-0.71875,0.3978,0.100,1.2335,0,none
43.163,3.79822,-0.58203,0.2679,0.100,1.2334,0,none
43.212,3.80445,-0.61328,0.2976,0.100,1.2338,0,none
43.263,3.84146,-0.55859,0.2457,0.100,1.2340,0,none
43.296,3.83933,-0.60938,0.2939,0.100,1.2339,0,none
43.346,3.84801,-0.56641,0.2531,0.100,1.2339,0,none
43.397,3.86844,-0.34375,0.0416,0.100,1.2340,0,none
43.449,3.90175,-0.45898,0.1510,0.100,1.2345,0,none
43.498,3.89750,-0.47266,0.1640,0.100,1.2345,0,none
43.549,3.90149,-0.53516,0.2234,0.100,1.2346,0,none
43.599,3.91444,-0.46875,0.1603,0.100,1.2344,0,none
43.650,3.93443,-0.30273,0.0026,0.100,1.2347,0,none
43.699,3.93756,-0.33789,0.0360,0.100,1.2351,0,none
43.750,3.93908,-0.33984,0.0379,0.100,1.2354,0,none
43.800,3.95608,-0.45508,0.1473,0.100,1.2357,0,none
43.851,3.94325,-0.31836,0.0174,0.100,1.2356,0,none
43.901,3.93441,-0.46875,0.1603,0.100,1.2359,0,none
43.952,3.92599,-0.49805,0.1881,0.100,1.2358,0,none
44.002,3.93528,-0.45312,0.1455,0.100,1.2356,0,none
44.055,3.91424,-0.43555,0.1288,0.100,1.2359,0,none
44.103,3.89859,-0.33789,0.0360,0.100,1.2362,0,none
44.153,3.88738,-0.45312,0.1455,0.100,1.2366,0,none
44.203,3.87689,-0.57422,0.2605,0.100,1.2366,0,none
44.255,3.85548,-0.66797,0.3496,0.100,1.2358,0,none
44.305,3.84748,-0.58203,0.2679,0.100,1.2351,0,none
44.354,3.86835,-0.37500,0.0713,0.100,1.2350,0,none
44.404,3.85637,-0.53906,0.2271,0.100,1.2356,0,none
44.458,3.84919,-0.64062,0.3236,0.100,1.2351,0,none
44.506,3.85454,-0.51562,0.2048,0.100,1.2344,0,none
44.558,3.87950,-0.54688,0.2345,0.100,1.2344,0,none
44.606,3.88387,-0.41797,0.1121,0.100,1.2346,0,none
44.657,3.89478,-0.44727,0.1399,0.100,1.2352,0,none
44.707,3.90912,-0.41211,0.1065,0.100,1.2354,0,none
44.756,3.92574,-0.41406,0.1084,0.100,1.2357,0,none
44.807,3.92193,-0.41602,0.1102,0.100,1.2360,0,none
44.857,3.92272,-0.44141,0.1343,0.100,1.2363,0,none
44.908,3.94231,-0.48828,0.1789,0.100,1.2365,0,none
44.962,3.92091,-0.37109,0.0675,0.100,1.2366,0,none
45.013,3.90469,-0.39062,0.0861,0.100,1.2369,0,none
45.060,3.89019,-0.41602,0.1102,0.100,1.2372,0,none
45.108,3.87915,-0.52734,0.2160,0.100,1.2375,0,none
45.159,3.84795,-0.60547,0.2902,0.100,1.2372,0,none
45.209,3.82818,-0.57812,0.2642,0.100,1.2366,0,none
45.260,3.83615,-0.49805,0.1881,0.100,1.2365,0,none
45.310,3.81665,-0.59766,0.2828,0.100,1.2368,0,none
45.360,3.80476,-0.58984,0.2754,0.100,1.2366,0,none
45.409,3.80610,-0.61328,0.2976,0.100,1.2363,0,none
45.460,3.82511,-0.53516,0.2234,0.100,1.2361,0,none
45.509,3.83631,-0.54688,0.2345,0.100,1.2363,0,none
45.559,3.85596,-0.55078,0.2382,0.100,1.2365,0,none
45.609,3.88552,-0.36914,0.0657,0.100,1.2365,0,none
45.660,3.92538,-0.37891,0.0750,0.100,1.2369,0,none
45.710,3.94555,-0.36914,0.0657,0.100,1.2373,0,none
45.761,3.96887,-0.23047,-0.0661,0.100,1.2376,0,none
45.810,3.99385,-0.31445,0.0137,0.100,1.2377,0,none
45.860,4.01564,-0.20996,-0.0855,0.100,1.2380,0,none
45.910,4.02659,-0.20508,-0.0902,0.100,1.2382,0,none
45.960,4.03261,-0.26562,-0.0327,0.100,1.2384,0,none
46.011,4.04301,-0.35742,0.0546,0.100,1.2387,0,none
46.060,4.03677,-0.31055,0.0100,0.100,1.2389,0,none
46.111,4.03331,-0.36719,0.0638,0.100,1.2391,0,none
46.161,4.03024,-0.24121,-0.0558,0.100,1.2394,0,none
46.211,4.03399,-0.25977,-0.0382,0.100,1.2395,0,none
46.261,4.02384,-0.24805,-0.0494,0.100,1.2398,0,none
46.311,4.01204,-0.37500,0.0713,0.100,1.2401,0,none
46.361,4.00015,-0.33398,0.0323,0.100,1.2402,0,none
46.412,3.99842,-0.31445,0.0137,0.100,1.2404,0,none
46.461,3.98354,-0.40820,0.1028,0.100,1.2407,0,none
46.511,3.97043,-0.26562,-0.0327,0.100,1.2407,0,none
46.561,3.96062,-0.34961,0.0471,0.100,1.2409,0,none
46.615,3.95422,-0.37109,0.0675,0.100,1.2411,0,none
46.661,3.93499,-0.41797,0.1121,0.100,1.2413,0,none
46.711,3.91981,-0.43359,0.1269,0.100,1.2414,0,none
46.762,3.91008,-0.45703,0.1492,0.100,1.2415,0,none
46.812,3.91329,-0.54688,0.2345,0.100,1.2416,0,none
46.863,3.89747,-0.31055,0.0100,0.100,1.2415,0,none
46.913,3.88882,-0.42578,0.1195,0.100,1.2414,0,none
46.964,3.87787,-0.39453,0.0898,0.100,1.2416,0,none
47.015,3.87499,-0.47852,0.1696,0.100,1.2417,0,none
47.073,3.84953,-0.49805,0.1881,0.100,1.2418,0,none
47.122,3.83200,-0.52344,0.2123,0.100,1.2416,0,none
47.171,3.84430,-0.48438,0.1752,0.100,1.2416,0,none
47.222,3.81321,-0.53906,0.2271,0.100,1.2416,0,none
47.261,3.78941,-0.66406,0.3459,0.100,1.2417,0,none
47.310,3.77789,-0.67969,0.3607,0.100,1.2405,0,none
47.361,3.79041,-0.55859,0.2457,0.100,1.2399,0,none
47.411,3.78205,-0.60938,0.2939,0.100,1.2397,0,none
47.462,3.78301,-0.63672,0.3199,0.100,1.2400,0,none
47.510,3.79694,-0.52734,0.2160,0.100,1.2395,0,none
47.562,3.81868,-0.49414,0.1844,0.100,1.2398,0,none
47.611,3.82448,-0.48047,0.1714,0.100,1.2401,0,none
47.662,3.83768,-0.46875,0.1603,0.100,1.2403,0,none
47.710,3.87054,-0.43359,0.1269,0.100,1.2406,0,none
47.760,3.86414,-0.40625,0.1009,0.100,1.2409,0,none
47.812,3.86260,-0.45117,0.1436,0.100,1.2411,0,none
47.864,3.86524,-0.49023,0.1807,0.100,1.2413,0,none
47.912,3.86861,-0.36914,0.0657,0.100,1.2412,0,none
47.962,3.84402,-0.45117,0.1436,0.100,1.2415,0,none
48.012,3.82198,-0.58984,0.2754,0.100,1.2416,0,none
48.062,3.81717,-0.56250,0.2494,0.100,1.2413,0,none
48.112,3.77618,-0.80078,0.4757,0.100,1.2407,0,none
48.162,3.75030,-0.89062,0.5611,0.100,1.2380,0,none
48.212,3.77338,-0.77734,0.4535,0.100,1.2354,0,none
48.261,3.76699,-0.65234,0.3347,0.100,1.2345,0,none
48.313,3.77796,-0.70312,0.3830,0.100,1.2350,0,none
48.363,3.80185,-0.59375,0.2791,0.100,1.2350,0,none
48.413,3.84997,-0.57031,0.2568,0.100,1.2353,0,none
48.463,3.86421,-0.52344,0.2123,0.100,1.2356,0,none
48.498,3.88884,-0.54688,0.2345,0.100,1.2358,0,none
48.546,3.92228,-0.53516,0.2234,0.100,1.2359,0,none
48.597,3.96123,-0.33789,0.0360,0.100,1.2361,0,none
48.649,3.98117,-0.38867,0.0842,0.100,1.2365,0,none
48.700,4.00115,-0.45508,0.1473,0.100,1.2368,0,none
48.748,4.03727,-0.20898,-0.0865,0.100,1.2368,0,none
48.798,4.04114,-0.25195,-0.0456,0.100,1.2366,0,none
48.847,4.03970,-0.41211,0.1065,0.100,1.2369,0,none
48.898,4.03949,-0.33203,0.0304,0.100,1.2368,0,none
48.948,4.04831,-0.33398,0.0323,0.100,1.2371,0,none
49.001,4.03794,-0.38672,0.0824,0.100,1.2374,0,none
49.049,4.03023,-0.42383,0.1176,0.100,1.2376,0,none
49.100,4.02724,-0.32422,0.0230,0.100,1.2377,0,none
49.150,4.02846,-0.36133,0.0583,0.100,1.2380,0,none
49.200,4.01720,-0.39648,0.0917,0.100,1.2383,0,none
49.250,4.00978,-0.35938,0.0564,0.100,1.2385,0,none
49.301,4.01694,-0.40234,0.0972,0.100,1.2388,0,none
49.351,4.00328,-0.36328,0.0601,0.100,1.2390,0,none
49.403,3.99329,-0.44531,0.1380,0.100,1.2393,0,none
49.454,3.98609,-0.45117,0.1436,0.100,1.2394,0,none
49.502,3.99510,-0.43555,0.1288,0.100,1.2395,0,none
49.555,3.98753,-0.28711,-0.0122,0.100,1.2397,0,none
49.605,3.98399,-0.31641,0.0156,0.100,1.2398,0,none
49.655,3.97832,-0.34766,0.0453,0.100,1.2402,0,none
49.703,3.97979,-0.45508,0.1473,0.100,1.2405,0,none
49.755,3.96835,-0.47461,0.1659,0.100,1.2403,0,none
49.805,3.96467,-0.54688,0.2345,0.100,1.2403,0,none
49.854,3.96884,-0.39062,0.0861,0.100,1.2401,0,none
49.906,3.98456,-0.51562,0.2048,0.100,1.2402,0,none
49.954,3.99691,-0.50391,0.1937,0.100,1.2402,0,none
50.004,4.01902,-0.39648,0.0917,0.100,1.2401,0,none
50.053,4.04866,-0.26367,-0.0345,0.100,1.2404,0,none
50.104,4.07852,-0.23633,-0.0605,0.100,1.2406,0,none
50.155,4.10915,-0.23047,-0.0661,0.100,1.2409,0,none
50.204,4.13666,-0.17676,-0.1171,0.100,1.2412,0,none
50.253,4.16096,-0.19043,-0.1041,0.100,1.2413,0,none
50.303,4.17778,-0.21484,-0.0809,0.100,1.2415,0,none
50.354,4.19668,-0.16211,-0.1310,0.100,1.2418,0,none
50.405,4.21105,-0.15820,-0.1347,0.100,1.2419,0,none
50.455,4.21920,-0.12891,-0.1625,0.100,1.2420,0,none
50.505,4.22322,-0.25977,-0.0382,0.100,1.2421,0,none
50.556,4.21806,-0.20312,-0.0920,0.100,1.2424,0,none
50.605,4.21227,-0.24316,-0.0540,0.100,1.2426,0,none
50.655,4.20219,-0.25195,-0.0456,0.100,1.2428,0,none
50.705,4.19247,-0.40625,0.1009,0.100,1.2431,0,none
50.756,4.17837,-0.38672,0.0824,0.100,1.2429,0,none
50.806,4.16977,-0.36328,0.0601,0.100,1.2431,0,none
50.857,4.16422,-0.24707,-0.0503,0.100,1.2433,0,none
50.906,4.15907,-0.23633,-0.0605,0.100,1.2435,0,none
50.956,4.15291,-0.26758,-0.0308,0.100,1.2437,0,none
51.008,4.14472,-0.35938,0.0564,0.100,1.2439,0,none
51.056,4.13637,-0.37305,0.0694,0.100,1.2441,0,none
51.109,4.13112,-0.29297,-0.0067,0.100,1.2442,0,none
51.158,4.12854,-0.35156,0.0490,0.100,1.2445,0,none
51.208,4.12525,-0.26758,-0.0308,0.100,1.2447,0,none
51.258,4.12408,-0.34375,0.0416,0.100,1.2448,0,none
51.309,4.12411,-0.28711,-0.0122,0.100,1.2450,0,none
51.358,4.11816,-0.38086,0.0768,0.100,1.2452,0,none
51.408,4.11367,-0.29102,-0.0085,0.100,1.2453,0,none
51.460,4.11271,-0.43555,0.1288,0.100,1.2454,0,none
51.510,4.11426,-0.28906,-0.0104,0.100,1.2454,0,none
51.559,4.11307,-0.39648,0.0917,0.100,1.2453,0,none
51.608,4.11273,-0.18555,-0.1087,0.100,1.2454,0,none
51.660,4.11552,-0.26367,-0.0345,0.100,1.2451,0,none
51.708,4.11181,-0.42188,0.1158,0.100,1.2453,0,none
51.758,4.11089,-0.35156,0.0490,0.100,1.2450,0,none
51.808,4.11512,-0.36328,0.0601,0.100,1.2452,0,none
51.858,4.12070,-0.17578,-0.1180,0.100,1.2455,0,none
51.908,4.12797,-0.30078,0.0007,0.100,1.2452,0,none
51.959,4.12781,-0.26367,-0.0345,0.100,1.2454,0,none
52.009,4.12815,-0.26562,-0.0327,0.100,1.2456,0,none
52.059,4.12680,-0.25195,-0.0456,0.100,1.2458,0,none
52.113,4.12177,-0.33398,0.0323,0.100,1.2461,0,none
52.159,4.12284,-0.39844,0.0935,0.100,1.2462,0,none
52.210,4.12734,-0.25781,-0.0401,0.100,1.2463,0,none
52.261,4.13559,-0.23145,-0.0651,0.100,1.2463,0,none
52.309,4.13798,-0.18262,-0.1115,0.100,1.2465,0,none
52.359,4.14273,-0.29883,-0.0011,0.100,1.2466,0,none
52.409,4.14303,-0.25977,-0.0382,0.100,1.2467,0,none
52.465,4.14436,-0.53516,0.2234,0.100,1.2469,0,none
52.520,4.13903,-0.28711,-0.0122,0.100,1.2458,0,none
52.569,4.16424,-0.19727,-0.0976,0.100,1.2454,0,none
52.619,4.18616,-0.18066,-0.1134,0.100,1.2454,0,none
52.671,4.20177,-0.22070,-0.0753,0.100,1.2455,0,none
52.707,4.20816,-0.18164,-0.1124,0.100,1.2456,0,none
52.758,4.22026,-0.17383,-0.1199,0.100,1.2458,0,none
52.809,4.22728,-0.15430,-0.1384,0.100,1.2460,0,none
52.860,4.22886,-0.26758,-0.0308,0.100,1.2461,0,none
52.910,4.22652,-0.17969,-0.1143,0.100,1.2462,0,none
52.961,4.22046,-0.19141,-0.1032,0.100,1.2463,0,none
53.009,4.20878,-0.31055,0.0100,0.100,1.2464,0,none
53.061,4.19359,-0.34961,0.0471,0.100,1.2466,0,none
53.108,4.18116,-0.30273,0.0026,0.100,1.2467,0,none
53.158,4.16935,-0.25391,-0.0438,0.100,1.2469,0,none
53.208,4.15632,-0.39844,0.0935,0.100,1.2471,0,none
53.257,4.14191,-0.41797,0.1121,0.100,1.2471,0,none
53.308,4.13958,-0.30664,0.0063,0.100,1.2471,0,none
53.360,4.12691,-0.38086,0.0768,0.100,1.2472,0,none
53.411,4.11423,-0.43555,0.1288,0.100,1.2473,0,none
53.461,4.10588,-0.32227,0.0212,0.100,1.2474,0,none
53.512,4.10918,-0.39258,0.0879,0.100,1.2475,0,none
53.561,4.09880,-0.38477,0.0805,0.100,1.2476,0,none
53.611,4.09253,-0.33203,0.0304,0.100,1.2478,0,none
53.663,4.08897,-0.40820,0.1028,0.100,1.2480,0,none
53.712,4.09344,-0.28125,-0.0178,0.100,1.2481,0,none
53.760,4.08051,-0.33398,0.0323,0.100,1.2482,0,none
53.812,4.06688,-0.42969,0.1232,0.100,1.2483,0,none
53.863,4.05508,-0.32812,0.0267,0.100,1.2484,0,none
53.911,4.05336,-0.39258,0.0879,0.100,1.2484,0,none
53.961,4.03068,-0.33398,0.0323,0.100,1.2485,0,none
54.012,4.01135,-0.45312,0.1455,0.100,1.2487,0,none
54.062,3.99294,-0.45898,0.1510,0.100,1.2488,0,none
54.112,3.97864,-0.45312,0.1455,0.100,1.2486,0,none
54.162,3.94930,-0.48242,0.1733,0.100,1.2486,0,none
54.212,3.92657,-0.48438,0.1752,0.100,1.2486,0,none
54.263,3.92214,-0.47461,0.1659,0.100,1.2486,0,none
54.312,3.89471,-0.49609,0.1863,0.100,1.2487,0,none
54.362,3.87462,-0.54297,0.2308,0.100,1.2487,0,none
54.412,3.86297,-0.62891,0.3125,0.100,1.2485,0,none
54.463,3.86552,-0.50781,0.1974,0.100,1.2480,0,none
54.517,3.86379,-0.41992,0.1139,0.100,1.2479,0,none
54.564,3.86890,-0.48438,0.1752,0.100,1.2482,0,none
54.615,3.87822,-0.45508,0.1473,0.100,1.2484,0,none
54.665,3.89586,-0.40039,0.0954,0.100,1.2483,0,none
54.713,3.90068,-0.43945,0.1325,0.100,1.2486,0,none
54.763,3.90944,-0.39453,0.0898,0.100,1.2487,0,none
54.814,3.93947,-0.47461,0.1659,0.100,1.2488,0,none
54.865,3.93745,-0.26758,-0.0308,0.100,1.2489,0,none
54.915,3.93977,-0.37891,0.0750,0.100,1.2488,0,none
54.964,3.93857,-0.42969,0.1232,0.100,1.2489,0,none
54.998,3.95154,-0.49023,0.1807,0.100,1.2489,0,none
55.049,3.93288,-0.46094,0.1529,0.100,1.2486,0,none
55.098,3.92221,-0.45117,0.1436,0.100,1.2487,0,none
55.149,3.91749,-0.53516,0.2234,0.100,1.2488,0,none
55.198,3.91861,-0.49219,0.1826,0.100,1.2485,0,none
55.248,3.90731,-0.48633,0.1770,0.100,1.2485,0,none
55.300,3.90318,-0.51953,0.2086,0.100,1.2486,0,none
55.349,3.92320,-0.50781,0.1974,0.100,1.2484,0,none
55.399,3.90539,-0.46680,0.1585,0.100,1.2485,0,none
55.449,3.89529,-0.50391,0.1937,0.100,1.2486,0,none
55.500,3.89205,-0.47656,0.1677,0.100,1.2486,0,none
55.549,3.89826,-0.59375,0.2791,0.100,1.2487,0,none
55.600,3.88435,-0.58203,0.2679,0.100,1.2479,0,none
55.650,3.88375,-0.57812,0.2642,0.100,1.2476,0,none
55.700,3.91298,-0.44141,0.1343,0.100,1.2475,0,none
55.752,3.89887,-0.57031,0.2568,0.100,1.2479,0,none
55.801,3.89221,-0.67188,0.3533,0.100,1.2473,0,none
55.852,3.89990,-0.49609,0.1863,0.100,1.2462,0,none
55.902,3.92336,-0.46484,0.1566,0.100,1.2464,0,none
55.952,3.92036,-0.36914,0.0657,0.100,1.2468,0,none
56.001,3.92094,-0.48438,0.1752,0.100,1.2471,0,none
56.051,3.94502,-0.41992,0.1139,0.100,1.2469,0,none
56.101,3.92188,-0.41211,0.1065,0.100,1.2470,0,none
56.152,3.90270,-0.58984,0.2754,0.100,1.2473,0,none
56.201,3.89300,-0.57422,0.2605,0.100,1.2461,0,none
56.251,3.89884,-0.45703,0.1492,0.100,1.2459,0,none
56.303,3.88406,-0.53906,0.2271,0.100,1.2461,0,none
56.354,3.87632,-0.44727,0.1399,0.100,1.2459,0,none
56.402,3.89643,-0.39453,0.0898,0.100,1.2463,0,none
56.453,3.86725,-0.47266,0.1640,0.100,1.2465,0,none
56.502,3.84191,-0.49805,0.1881,0.100,1.2466,0,none
56.552,3.82477,-0.46094,0.1529,0.100,1.2464,0,none
56.602,3.81809,-0.57422,0.2605,0.100,1.2465,0,none
56.652,3.78408,-0.70703,0.3867,0.100,1.2459,0,none
56.704,3.76381,-0.64844,0.3310,0.100,1.2447,0,none
56.754,3.78109,-0.66016,0.3421,0.100,1.2441,0,none
56.803,3.75746,-0.63672,0.3199,0.100,1.2439,0,none
56.853,3.74776,-0.76172,0.4386,0.100,1.2437,0,none
56.904,3.75251,-0.69531,0.3755,0.100,1.2425,0,none
56.954,3.78007,-0.55469,0.2420,0.100,1.2418,0,none
57.004,3.78937,-0.49219,0.1826,0.100,1.2425,0,none
57.054,3.80527,-0.48047,0.1714,0.100,1.2430,0,none
57.105,3.84421,-0.52344,0.2123,0.100,1.2432,0,none
57.155,3.85292,-0.38086,0.0768,0.100,1.2432,0,none
57.207,3.87018,-0.46094,0.1529,0.100,1.2433,0,none
57.255,3.89115,-0.25195,-0.0456,0.100,1.2434,0,none
57.305,3.92804,-0.27930,-0.0197,0.100,1.2433,0,none
57.356,3.92354,-0.43750,0.1306,0.100,1.2436,0,none
57.405,3.91957,-0.44727,0.1399,0.100,1.2435,0,none
57.454,3.92363,-0.39258,0.0879,0.100,1.2434,0,none
57.509,3.93226,-0.40625,0.1009,0.100,1.2436,0,none
57.564,3.91466,-0.56250,0.2494,0.100,1.2438,0,none
57.615,3.90176,-0.55469,0.2420,0.100,1.2436,0,none
57.663,3.91733,-0.46680,0.1585,0.100,1.2430,0,none
57.709,3.89143,-0.45703,0.1492,0.100,1.2432,0,none
57.753,3.87100,-0.53125,0.2197,0.100,1.2435,0,none
57.804,3.85721,-0.55859,0.2457,0.100,1.2434,0,none
57.853,3.85410,-0.56641,0.2531,0.100,1.2430,0,none
57.904,3.83494,-0.49414,0.1844,0.100,1.2429,0,none
57.955,3.82610,-0.52734,0.2160,0.100,1.2430,0,none
58.003,3.84041,-0.65234,0.3347,0.100,1.2432,0,none
58.055,3.82382,-0.46094,0.1529,0.100,1.2420,0,none
58.103,3.82171,-0.44727,0.1399,0.100,1.2420,0,none
58.152,3.82343,-0.40430,0.0991,0.100,1.2425,0,none
58.203,3.83366,-0.49219,0.1826,0.100,1.2428,0,none
58.253,3.81002,-0.72266,0.4015,0.100,1.2427,0,none
58.302,3.80199,-0.70703,0.3867,0.100,1.2401,0,none
58.354,3.82470,-0.43164,0.1251,0.100,1.2394,0,none
58.404,3.83588,-0.46289,0.1547,0.100,1.2395,0,none
58.454,3.84896,-0.59766,0.2828,0.100,1.2402,0,none
58.506,3.87228,-0.44531,0.1380,0.100,1.2393,0,none
58.554,3.90382,-0.20020,-0.0948,0.100,1.2394,0,none
58.604,3.94784,-0.21191,-0.0837,0.100,1.2393,0,none
58.656,3.98457,-0.17480,-0.1189,0.100,1.2396,0,none
58.705,4.01675,-0.13965,-0.1523,0.100,1.2398,0,none
58.754,4.03554,-0.15430,-0.1384,0.100,1.2399,0,none
58.805,4.06429,-0.18066,-0.1134,0.100,1.2401,0,none
58.856,4.08802,-0.11816,-0.1727,0.100,1.2403,0,none
58.906,4.10560,-0.15527,-0.1375,0.100,1.2403,0,none
58.956,4.10183,-0.16504,-0.1282,0.100,1.2405,0,none
59.007,4.11884,-0.15234,-0.1403,0.100,1.2408,0,none
59.055,4.13029,-0.14648,-0.1458,0.100,1.2409,0,none
59.106,4.13545,-0.13379,-0.1579,0.100,1.2411,0,none
59.157,4.13423,-0.14844,-0.1440,0.100,1.2412,0,none
59.206,4.11830,-0.19043,-0.1041,0.100,1.2414,0,none
59.256,4.12597,-0.16602,-0.1273,0.100,1.2417,0,none
59.305,4.12908,-0.16992,-0.1236,0.100,1.2419,0,none
59.355,4.12653,-0.15430,-0.1384,0.100,1.2421,0,none
59.405,4.10292,-0.16602,-0.1273,0.100,1.2422,0,none
59.458,4.10935,-0.14453,-0.1477,0.100,1.2424,0,none
59.507,4.11029,-0.19238,-0.1022,0.100,1.2426,0,none
59.558,4.10543,-0.26172,-0.0364,0.100,1.2428,0,none
59.608,4.07618,-0.18945,-0.1050,0.100,1.2431,0,none
59.658,4.08815,-0.17188,-0.1217,0.100,1.2432,0,none
59.708,4.09458,-0.17676,-0.1171,0.100,1.2433,0,none
59.758,4.09552,-0.19043,-0.1041,0.100,1.2435,0,none
59.809,4.09188,-0.25000,-0.0475,0.100,1.2437,0,none
59.861,4.07853,-0.23145,-0.0651,0.100,1.2440,0,none
59.908,4.08367,-0.20215,-0.0930,0.100,1.2442,0,none
59.960,4.08570,-0.19824,-0.0967,0.100,1.2444,0,none
60.009,4.08330,-0.30078,0.0007,0.100,1.2446,0,none
60.058,4.07046,-0.24609,-0.0512,0.100,1.2448,0,none
60.110,4.07635,-0.30664,0.0063,0.100,1.2449,0,none
60.159,4.08007,-0.20801,-0.0874,0.100,1.2451,0,none
60.210,4.08301,-0.15918,-0.1338,0.100,1.2452,0,none
60.262,4.07862,-0.16309,-0.1301,0.100,1.2453,0,none
60.310,4.07253,-0.20117,-0.0939,0.100,1.2454,0,none
60.360,4.06149,-0.24121,-0.0558,0.100,1.2456,0,none
60.410,4.04757,-0.18359,-0.1106,0.100,1.2459,0,none
60.458,4.03567,-0.21777,-0.0781,0.100,1.2460,0,none
60.510,4.00851,-0.34180,0.0397,0.100,1.2462,0,none
60.561,3.98029,-0.42383,0.1176,0.100,1.2463,0,none
60.609,3.95610,-0.35156,0.0490,0.100,1.2462,0,none
60.661,3.94265,-0.48828,0.1789,0.100,1.2463,0,none
60.717,3.91976,-0.40430,0.0991,0.100,1.2461,0,none
60.761,3.90567,-0.47266,0.1640,0.100,1.2461,0,none
60.812,3.89537,-0.37891,0.0750,0.100,1.2462,0,none
60.861,3.89725,-0.32617,0.0249,0.100,1.2463,0,none
60.910,3.88637,-0.42188,0.1158,0.100,1.2466,0,none
60.962,3.87733,-0.35156,0.0490,0.100,1.2467,0,none
61.011,3.87398,-0.31836,0.0174,0.100,1.2468,0,none
61.060,3.87596,-0.44531,0.1380,0.100,1.2471,0,none
61.111,3.86444,-0.42383,0.1176,0.100,1.2470,0,none
61.163,3.86009,-0.37500,0.0713,0.100,1.2470,0,none
61.212,3.86035,-0.42188,0.1158,0.100,1.2472,0,none
61.265,3.86414,-0.38867,0.0842,0.100,1.2474,0,none
61.314,3.87008,-0.44336,0.1362,0.100,1.2475,0,none
61.363,3.88024,-0.37109,0.0675,0.100,1.2475,0,none
61.413,3.89683,-0.33789,0.0360,0.100,1.2477,0,none
61.464,3.91685,-0.25586,-0.0419,0.100,1.2479,0,none
61.513,3.93130,-0.26367,-0.0345,0.100,1.2481,0,none
61.564,3.94297,-0.20996,-0.0855,0.100,1.2483,0,none
61.614,3.95322,-0.33008,0.0286,0.100,1.2485,0,none
61.664,3.96091,-0.28711,-0.0122,0.100,1.2486,0,none
61.712,3.96249,-0.24609,-0.0512,0.100,1.2487,0,none
61.763,3.96301,-0.28906,-0.0104,0.100,1.2488,0,none
61.815,3.96066,-0.25000,-0.0475,0.100,1.2490,0,none
61.867,3.95828,-0.28516,-0.0141,0.100,1.2492,0,none
61.914,3.95239,-0.29297,-0.0067,0.100,1.2494,0,none
61.964,3.94626,-0.26758,-0.0308,0.100,1.2496,0,none
62.016,3.93960,-0.39844,0.0935,0.100,1.2497,0,none
62.065,3.93071,-0.26367,-0.0345,0.100,1.2498,0,none
62.114,3.93299,-0.23535,-0.0614,0.100,1.2497,0,none
62.165,3.93264,-0.29102,-0.0085,0.100,1.2498,0,none
62.214,3.92894,-0.31055,0.0100,0.100,1.2500,0,none
62.264,3.92412,-0.26953,-0.0289,0.100,1.2501,0,none
62.314,3.92640,-0.31250,0.0119,0.100,1.2503,0,none
62.364,3.92791,-0.39648,0.0917,0.100,1.2505,0,none
62.414,3.93165,-0.24512,-0.0521,0.100,1.2505,0,none
62.465,3.93816,-0.26562,-0.0327,0.100,1.2505,0,none
62.516,3.94936,-0.23926,-0.0577,0.100,1.2506,0,none
62.566,3.95879,-0.39062,0.0861,0.100,1.2507,0,none
62.616,3.96815,-0.29492,-0.0048,0.100,1.2506,0,none
62.666,3.97890,-0.24512,-0.0521,0.100,1.2507,0,none
62.716,4.00177,-0.23633,-0.0605,0.100,1.2508,0,none
62.758,4.02161,-0.18945,-0.1050,0.100,1.2510,0,none
62.808,4.03789,-0.20508,-0.0902,0.100,1.2510,0,none
62.856,4.04885,-0.21875,-0.0772,0.100,1.2511,0,none
62.911,4.05769,-0.17090,-0.1226,0.100,1.2513,0,none
62.947,4.06265,-0.21191,-0.0837,0.100,1.2513,0,none
62.997,4.06274,-0.18457,-0.1097,0.100,1.2515,0,none
63.048,4.05460,-0.27734,-0.0215,0.100,1.2516,0,none
63.098,4.05528,-0.23340,-0.0633,0.100,1.2517,0,none
63.147,4.05503,-0.29688,-0.0030,0.100,1.2518,0,none
63.199,4.05325,-0.18457,-0.1097,0.100,1.2520,0,none
63.249,4.04094,-0.19336,-0.1013,0.100,1.2519,0,none
63.299,4.04407,-0.21387,-0.0818,0.100,1.2520,0,none
63.349,4.04346,-0.17188,-0.1217,0.100,1.2522,0,none
63.400,4.03888,-0.31445,0.0137,0.100,1.2522,0,none
63.451,4.02036,-0.22168,-0.0744,0.100,1.2522,0,none
63.499,4.02342,-0.22852,-0.0679,0.100,1.2523,0,none
63.549,4.02250,-0.29102,-0.0085,0.100,1.2524,0,none
63.599,4.02026,-0.23535,-0.0614,0.100,1.2525,0,none
