time_s,cte_true,cte_pred,mc_std,certified,fail_count,pass_count,mode,steer,throttle,speed,lap,hit
0.000,0.00279,0.28326,0.15662,1,0,0,MODEL,-0.5541,0.100,0.0000,0,none
0.110,0.00279,0.36059,0.17272,1,0,0,MODEL,-0.6276,0.100,0.0000,0,none
0.142,0.00279,0.37914,0.15221,1,0,0,MODEL,-0.6452,0.100,0.0000,0,none
0.173,0.00256,0.33089,0.15953,1,0,0,MODEL,-0.5993,0.100,0.0100,0,none
0.218,0.00217,0.39552,0.15361,1,0,0,MODEL,-0.6607,0.100,0.0192,0,none
0.258,0.00148,0.27758,0.17580,1,0,0,MODEL,-0.5487,0.100,0.0375,0,none
0.304,0.00026,0.17560,0.13417,1,0,0,MODEL,-0.4518,0.100,0.0528,0,none
0.353,-0.00131,0.08947,0.12988,1,0,0,MODEL,-0.3700,0.100,0.0627,0,none
0.404,-0.00291,0.16778,0.13119,1,0,0,MODEL,-0.4444,0.100,0.0780,0,none
0.463,-0.00487,0.13525,0.14387,1,0,0,MODEL,-0.4135,0.100,0.0841,0,none
0.504,-0.00727,0.07265,0.13354,1,0,0,MODEL,-0.3540,0.100,0.0990,0,none
0.556,-0.00993,0.06166,0.14932,1,0,0,MODEL,-0.3436,0.100,0.1108,0,none
0.606,-0.01278,0.01795,0.12254,1,0,0,MODEL,-0.3021,0.100,0.1226,0,none
0.656,-0.01601,0.00033,0.14850,1,0,0,MODEL,-0.2853,0.100,0.1342,0,none
0.707,-0.01938,0.12383,0.16739,1,0,0,MODEL,-0.4026,0.100,0.1458,0,none
0.756,-0.01520,0.04632,0.15501,1,0,0,MODEL,-0.3290,0.100,0.1617,0,none
0.806,-0.03063,-0.07133,0.15966,1,0,0,MODEL,-0.2172,0.100,0.1687,0,none
0.856,-0.03422,-0.00469,0.10937,1,0,0,MODEL,-0.2805,0.100,0.1790,0,none
0.906,-0.03894,0.07451,0.11161,1,0,0,MODEL,-0.3558,0.100,0.1904,0,none
0.955,-0.04513,0.13166,0.16649,1,0,0,MODEL,-0.4101,0.100,0.2011,0,none
1.007,-0.05299,0.16210,0.18046,1,0,0,MODEL,-0.4390,0.100,0.2118,0,none
1.057,-0.06231,0.11579,0.11750,1,0,0,MODEL,-0.3950,0.100,0.2225,0,none
1.111,-0.07273,0.06372,0.10834,1,0,0,MODEL,-0.3455,0.100,0.2331,0,none
1.156,-0.08377,-0.00157,0.09304,1,0,0,MODEL,-0.2835,0.100,0.2437,0,none
1.209,-0.09514,-0.00680,0.08363,1,0,0,MODEL,-0.2785,0.100,0.2541,0,none
1.259,-0.10885,0.03557,0.07734,1,0,0,MODEL,-0.3188,0.100,0.2644,0,none
1.308,-0.12379,0.07088,0.18585,1,0,0,MODEL,-0.3523,0.100,0.2736,0,none
1.357,-0.13374,0.11590,0.12153,1,0,0,MODEL,-0.3951,0.100,0.2848,0,none
1.407,-0.15022,0.05526,0.11253,1,0,0,MODEL,-0.3375,0.100,0.2945,0,none
1.458,-0.16852,-0.00976,0.12404,1,0,0,MODEL,-0.2757,0.100,0.3043,0,none
1.511,-0.18727,-0.08550,0.18828,1,0,0,MODEL,-0.2038,0.100,0.3142,0,none
1.558,-0.20048,0.01022,0.20569,1,0,0,MODEL,-0.2947,0.100,0.3232,0,none
1.611,-0.21960,-0.37103,0.20969,1,0,0,MODEL,0.0675,0.100,0.3340,0,none
1.659,-0.24673,-0.21122,0.14441,1,0,0,MODEL,-0.0843,0.100,0.3425,0,none
1.707,-0.26326,-0.39453,0.17860,1,0,0,MODEL,0.0898,0.100,0.3511,0,none
1.759,-0.28208,-0.24817,0.23135,1,0,0,MODEL,-0.0492,0.100,0.3603,0,none
1.809,-0.29929,-0.45793,0.21264,1,0,0,MODEL,0.1500,0.100,0.3694,0,none
1.858,-0.31799,-0.44943,0.23431,1,0,0,MODEL,0.1420,0.100,0.3783,0,none
1.909,-0.34059,-0.54728,0.17161,1,0,0,MODEL,0.2349,0.100,0.3873,0,none
1.960,-0.35048,-0.54423,0.20172,1,0,0,MODEL,0.2320,0.100,0.3964,0,none
2.009,-0.36380,-0.44281,0.18670,1,0,0,MODEL,0.1357,0.100,0.4052,0,none
2.058,-0.37714,-0.53912,0.13238,1,0,0,MODEL,0.2272,0.100,0.4141,0,none
2.109,-0.39099,-0.47676,0.19065,1,0,0,MODEL,0.1679,0.100,0.4226,0,none
2.160,-0.40303,-0.33558,0.15745,1,0,0,MODEL,0.0338,0.100,0.4313,0,none
2.210,-0.41590,-0.14531,0.18965,1,0,0,MODEL,-0.1470,0.100,0.4398,0,none
2.261,-0.43188,-0.18075,0.18506,1,0,0,MODEL,-0.1133,0.100,0.4480,0,none
2.311,-0.45170,-0.17642,0.17133,1,0,0,MODEL,-0.1174,0.100,0.4563,0,none
2.360,-0.47221,-0.19332,0.15438,1,0,0,MODEL,-0.1013,0.100,0.4645,0,none
2.411,-0.49374,0.21258,0.27016,1,0,0,MODEL,-0.4870,0.100,0.4727,0,none
2.459,-0.51816,0.39594,0.20326,1,0,0,MODEL,-0.6611,0.100,0.4791,0,none
2.510,-0.55303,-0.20106,0.19986,1,0,0,MODEL,-0.0940,0.100,0.4858,0,none
2.560,-0.59272,-0.30421,0.36276,0,1,0,MODEL,-0.0940,0.100,0.4928,0,none
2.612,-0.62460,-0.35677,0.21342,1,0,0,MODEL,0.0539,0.100,0.5007,0,none
2.660,-0.65601,-0.55078,0.24393,1,0,0,MODEL,0.2382,0.100,0.5084,0,none
2.711,-0.68413,-0.94749,0.17058,1,0,0,MODEL,0.6151,0.100,0.5157,0,none
2.763,-0.70532,-0.94073,0.15811,1,0,0,MODEL,0.6087,0.100,0.5210,0,none
2.810,-0.71540,-0.86632,0.14116,1,0,0,MODEL,0.5380,0.100,0.5279,0,none
2.861,-0.72092,-0.83253,0.17560,1,0,0,MODEL,0.5059,0.100,0.5355,0,none
2.913,-0.72379,-0.70275,0.14555,1,0,0,MODEL,0.3826,0.100,0.5430,0,none
2.961,-0.72327,-0.67041,0.15105,1,0,0,MODEL,0.3519,0.100,0.5503,0,none
3.011,-0.72159,-0.63818,0.17165,1,0,0,MODEL,0.3213,0.100,0.5580,0,none
3.059,-0.71846,-0.59911,0.15104,1,0,0,MODEL,0.2842,0.100,0.5653,0,none
3.113,-0.71326,-0.55107,0.18619,1,0,0,MODEL,0.2385,0.100,0.5725,0,none
3.163,-0.70638,-0.38574,0.20360,1,0,0,MODEL,0.0815,0.100,0.5797,0,none
3.212,-0.69901,-0.22020,0.19136,1,0,0,MODEL,-0.0758,0.100,0.5867,0,none
3.264,-0.69463,-0.40158,0.14704,1,0,0,MODEL,0.0965,0.100,0.5935,0,none
3.311,-0.69305,-0.25400,0.18626,1,0,0,MODEL,-0.0437,0.100,0.6001,0,none
3.362,-0.68858,-0.28265,0.16736,1,0,0,MODEL,-0.0165,0.100,0.6068,0,none
3.410,-0.68653,-0.47396,0.13983,1,0,0,MODEL,0.1653,0.100,0.6135,0,none
3.462,-0.68338,-0.55026,0.17229,1,0,0,MODEL,0.2377,0.100,0.6198,0,none
3.514,-0.67453,-0.53252,0.13975,1,0,0,MODEL,0.2209,0.100,0.6261,0,none
3.564,-0.66115,-0.48820,0.15217,1,0,0,MODEL,0.1788,0.100,0.6324,0,none
3.613,-0.64570,-0.51791,0.16767,1,0,0,MODEL,0.2070,0.100,0.6392,0,none
3.665,-0.62893,0.03521,0.16418,1,0,0,MODEL,-0.3184,0.100,0.6454,0,none
3.714,-0.60903,0.19706,0.22609,1,0,0,MODEL,-0.4722,0.100,0.6517,0,none
3.766,-0.60381,0.52064,0.22644,1,0,0,MODEL,-0.7796,0.100,0.6572,0,none
3.814,-0.61162,0.42578,0.30101,0,1,0,MODEL,-0.7796,0.100,0.6581,0,none
3.864,-0.63353,-0.38731,0.15952,1,0,0,MODEL,0.0829,0.100,0.6577,0,none
3.914,-0.66771,-0.62869,0.18629,1,0,0,MODEL,0.3123,0.100,0.6659,0,none
3.965,-0.68173,-0.58460,0.20683,1,0,0,MODEL,0.2704,0.100,0.6692,0,none
4.015,-0.68301,-0.66984,0.15244,1,0,0,MODEL,0.3513,0.100,0.6725,0,none
4.066,-0.68019,-0.72098,0.15692,1,0,0,MODEL,0.3999,0.100,0.6804,0,none
4.115,-0.67188,-0.66975,0.15813,1,0,0,MODEL,0.3513,0.100,0.6841,0,none
4.166,-0.65604,-0.64302,0.15487,1,0,0,MODEL,0.3259,0.100,0.6946,0,none
4.215,-0.63798,-0.56711,0.15994,1,0,0,MODEL,0.2538,0.100,0.6944,0,none
4.265,-0.61493,-0.47467,0.21450,1,0,0,MODEL,0.1659,0.100,0.7073,0,none
4.316,-0.59105,-0.54631,0.17788,1,0,0,MODEL,0.2340,0.100,0.7069,0,none
4.364,-0.56445,-0.41985,0.15813,1,0,0,MODEL,0.1139,0.100,0.7158,0,none
4.414,-0.53539,-0.46137,0.18345,1,0,0,MODEL,0.1533,0.100,0.7158,0,none
4.466,-0.50578,-0.34715,0.16015,1,0,0,MODEL,0.0448,0.100,0.7271,0,none
4.514,-0.47480,-0.35784,0.18262,1,0,0,MODEL,0.0549,0.100,0.7272,0,none
4.567,-0.44437,-0.41036,0.18012,1,0,0,MODEL,0.1048,0.100,0.7379,0,none
4.614,-0.41314,-0.33609,0.15911,1,0,0,MODEL,0.0343,0.100,0.7404,0,none
4.667,-0.37851,-0.44092,0.15033,1,0,0,MODEL,0.1339,0.100,0.7499,0,none
4.716,-0.34542,-0.39922,0.14567,1,0,0,MODEL,0.0943,0.100,0.7500,0,none
4.766,-0.30713,-0.20580,0.13066,1,0,0,MODEL,-0.0895,0.100,0.7594,0,none
4.817,-0.26987,-0.12655,0.13075,1,0,0,MODEL,-0.1648,0.100,0.7591,0,none
4.868,-0.23836,-0.18192,0.14182,1,0,0,MODEL,-0.1122,0.100,0.7682,0,none
4.918,-0.21122,0.02839,0.11053,1,0,0,MODEL,-0.3120,0.100,0.7720,0,none
4.968,-0.18533,-0.15644,0.12198,1,0,0,MODEL,-0.1364,0.100,0.7766,0,none
5.018,-0.16831,-0.16181,0.14025,1,0,0,MODEL,-0.1313,0.100,0.7812,0,none
5.068,-0.15016,-0.11254,0.11914,1,0,0,MODEL,-0.1781,0.100,0.7862,0,none
5.119,-0.13339,-0.21068,0.16103,1,0,0,MODEL,-0.0849,0.100,0.7910,0,none
5.167,-0.12046,-0.04414,0.11216,1,0,0,MODEL,-0.2431,0.100,0.7959,0,none
5.215,-0.10743,-0.19423,0.15513,1,0,0,MODEL,-0.1005,0.100,0.8003,0,none
5.267,-0.10157,-0.07807,0.12313,1,0,0,MODEL,-0.2108,0.100,0.8048,0,none
5.317,-0.09513,-0.16461,0.12167,1,0,0,MODEL,-0.1286,0.100,0.8094,0,none
5.368,-0.09433,0.01999,0.11486,1,0,0,MODEL,-0.3040,0.100,0.8138,0,none
5.418,-0.09550,-0.00635,0.09411,1,0,0,MODEL,-0.2790,0.100,0.8181,0,none
5.467,-0.10546,-0.07910,0.12024,1,0,0,MODEL,-0.2099,0.100,0.8222,0,none
5.517,-0.12067,0.02254,0.08867,1,0,0,MODEL,-0.3064,0.100,0.8268,0,none
5.567,-0.13848,-0.07435,0.10545,1,0,0,MODEL,-0.2144,0.100,0.8311,0,none
5.619,-0.16389,-0.01621,0.10695,1,0,0,MODEL,-0.2696,0.100,0.8354,0,none
5.669,-0.19210,-0.03690,0.09474,1,0,0,MODEL,-0.2499,0.100,0.8397,0,none
5.717,-0.22640,-0.00234,0.08982,1,0,0,MODEL,-0.2828,0.100,0.8439,0,none
5.767,-0.26560,-0.00446,0.10547,1,0,0,MODEL,-0.2808,0.100,0.8482,0,none
5.817,-0.31095,-0.04305,0.09855,1,0,0,MODEL,-0.2441,0.100,0.8523,0,none
5.869,-0.18396,-0.21949,0.13923,1,0,0,MODEL,-0.0765,0.100,0.8565,0,none
5.920,-0.32794,-0.51618,0.14129,1,0,0,MODEL,0.2054,0.100,0.8607,0,none
5.967,-0.47061,-0.63542,0.16647,1,0,0,MODEL,0.3187,0.100,0.8648,0,none
6.018,-0.60497,-0.65937,0.14569,1,0,0,MODEL,0.3414,0.100,0.8672,0,none
6.068,-0.72887,-0.68611,0.14481,1,0,0,MODEL,0.3668,0.100,0.8707,0,none
6.119,-0.84569,-0.67877,0.17161,1,0,0,MODEL,0.3598,0.100,0.8744,0,none
6.171,-0.95507,-0.92979,0.17988,1,0,0,MODEL,0.5983,0.100,0.8781,0,none
6.219,-0.90556,-1.04049,0.32450,0,1,0,MODEL,0.5983,0.100,0.8805,0,none
6.269,-1.07824,-1.22398,0.30509,0,2,0,MODEL,0.5983,0.100,0.8826,0,none
6.318,-1.23936,-1.32502,0.36998,0,3,0,MODEL,0.5983,0.100,0.8859,0,none
6.369,-1.38954,-1.45429,0.30830,0,4,0,MODEL,0.5983,0.100,0.8892,0,none
6.420,-1.52838,-1.59714,0.29321,0,5,0,MODEL,0.5983,0.100,0.8925,0,none
6.470,-1.65557,-1.79774,0.25883,1,0,0,MODEL,1.0000,0.100,0.8957,0,none
6.521,-1.77079,-1.91785,0.21684,1,0,0,MODEL,1.0000,0.100,0.8989,0,none
6.569,-1.68350,-1.90013,0.42850,0,1,0,MODEL,1.0000,0.100,0.8932,0,none
6.619,-1.83674,-1.94424,0.46591,0,2,0,MODEL,1.0000,0.100,0.8946,0,none
6.669,-1.97049,-2.14847,0.28497,0,3,0,MODEL,1.0000,0.100,0.8962,0,none
6.721,-2.08405,-2.07362,0.24003,1,0,0,MODEL,1.0000,0.100,0.8978,0,none
6.771,-2.17687,-2.20890,0.17854,1,0,0,MODEL,1.0000,0.100,0.8994,0,none
6.803,-2.24848,-2.26838,0.30872,0,1,0,MODEL,1.0000,0.100,0.9009,0,none
6.853,-2.29851,-2.04541,0.54550,0,2,0,MODEL,1.0000,0.100,0.9025,0,none
6.903,-2.11564,-1.92189,0.74239,0,3,0,MODEL,1.0000,0.100,0.9040,0,none
6.952,-2.21798,-2.00676,0.38413,0,4,0,MODEL,1.0000,0.100,0.9054,0,none
7.005,-2.29897,-1.89434,0.64707,0,5,0,MODEL,1.0000,0.100,0.9069,0,none
7.054,-2.35821,-1.86552,0.42606,0,6,0,MODEL,1.0000,0.100,0.9083,0,none
7.106,-2.39536,-2.05175,0.39135,0,7,0,MODEL,1.0000,0.100,0.9097,0,none
7.154,-2.41017,-2.04782,0.25337,1,0,0,MODEL,1.0000,0.100,0.9111,0,none
7.204,-2.40248,-2.08387,0.30194,0,1,0,MODEL,1.0000,0.100,0.9125,0,none
7.256,-2.13369,-2.09529,0.29965,0,2,0,MODEL,1.0000,0.100,0.9138,0,none
7.305,-2.17935,-1.85765,0.67711,0,3,0,MODEL,1.0000,0.100,0.9151,0,none
7.357,-2.20245,-2.13699,0.44033,0,4,0,MODEL,1.0000,0.100,0.9164,0,none
7.405,-2.20284,-1.94704,0.50758,0,5,0,MODEL,1.0000,0.100,0.9177,0,none
7.455,-2.18037,-1.77793,0.39434,0,6,0,MODEL,1.0000,0.100,0.9190,0,none
7.506,-2.13509,-1.95103,0.23961,1,0,0,MODEL,1.0000,0.100,0.9202,0,none
7.555,-2.06705,-1.84120,0.21178,1,0,0,MODEL,1.0000,0.100,0.9214,0,none
7.609,-1.73307,-1.98592,0.32846,0,1,0,MODEL,1.0000,0.100,0.9226,0,none
7.656,-1.71801,-2.08703,0.29551,0,2,0,MODEL,1.0000,0.100,0.9238,0,none
7.707,-1.67986,-2.17408,0.37057,0,3,0,MODEL,1.0000,0.100,0.9250,0,none
7.759,-1.61866,-1.66874,0.27810,1,0,0,MODEL,1.0000,0.100,0.9261,0,none
7.809,-1.53459,-1.29129,0.22533,1,0,0,MODEL,0.9417,0.100,0.9272,0,none
7.859,-1.42799,-1.29197,0.24285,1,0,0,MODEL,0.9424,0.100,0.9289,0,none
7.907,-1.30155,-1.04389,0.19341,1,0,0,MODEL,0.7067,0.100,0.9308,0,none
7.959,-0.94325,-0.91360,0.15476,1,0,0,MODEL,0.5829,0.100,0.9341,0,none
8.009,-0.88469,-0.87039,0.17787,1,0,0,MODEL,0.5419,0.100,0.9386,0,none
8.059,-0.81588,-0.54103,0.25009,1,0,0,MODEL,0.2290,0.100,0.9421,0,none
8.107,-0.73771,-0.11516,0.17377,1,0,0,MODEL,-0.1756,0.100,0.9453,0,none
8.156,-0.66402,-0.17413,0.15984,1,0,0,MODEL,-0.1196,0.100,0.9471,0,none
8.208,-0.60356,-0.03491,0.10370,1,0,0,MODEL,-0.2518,0.100,0.9509,0,none
8.257,-0.54657,-0.33824,0.23570,1,0,0,MODEL,0.0363,0.100,0.9536,0,none
8.307,-0.39373,-0.60663,0.20747,1,0,0,MODEL,0.2913,0.100,0.9559,0,none
8.357,-0.43734,-0.80329,0.22650,1,0,0,MODEL,0.4781,0.100,0.9577,0,none
8.407,-0.46570,-0.25986,0.17223,1,0,0,MODEL,-0.0381,0.100,0.9588,0,none
8.459,-0.48167,-0.19307,0.19498,1,0,0,MODEL,-0.1016,0.100,0.9589,0,none
8.507,-0.51008,-0.23574,0.14368,1,0,0,MODEL,-0.0611,0.100,0.9631,0,none
8.559,-0.38434,-0.49937,0.15179,1,0,0,MODEL,0.1894,0.100,0.9662,0,none
8.611,-0.51838,-0.69208,0.17145,1,0,0,MODEL,0.3725,0.100,0.9682,0,none
8.657,-0.64136,-0.82756,0.18319,1,0,0,MODEL,0.5012,0.100,0.9698,0,none
8.709,-0.74971,-0.92485,0.23782,1,0,0,MODEL,0.5936,0.100,0.9712,0,none
8.758,-0.84154,-0.94571,0.19214,1,0,0,MODEL,0.6134,0.100,0.9724,0,none
8.811,-0.91583,-0.90934,0.15521,1,0,0,MODEL,0.5789,0.100,0.9741,0,none
8.861,-0.97389,-0.93847,0.19658,1,0,0,MODEL,0.6065,0.100,0.9764,0,none
8.909,-1.01753,-1.08757,0.19372,1,0,0,MODEL,0.7482,0.100,0.9786,0,none
8.960,-1.04360,-0.84263,0.28863,0,1,0,MODEL,0.7482,0.100,0.9789,0,none
9.011,-1.04649,-0.20718,0.38426,0,2,0,MODEL,0.7482,0.100,0.9799,0,none
9.061,-1.02936,-0.69642,0.81155,0,3,0,MODEL,0.7482,0.100,0.9815,0,none
9.111,-0.99254,0.94210,0.71417,0,4,0,MODEL,0.7482,0.100,0.9831,0,none
9.162,-0.93602,-0.03247,0.51824,0,5,0,MODEL,0.7482,0.100,0.9847,0,none
9.212,-0.85983,0.49887,0.60126,0,6,0,MODEL,0.7482,0.100,0.9862,0,none
9.262,-0.76410,0.08909,0.56973,0,7,0,MODEL,0.7482,0.100,0.9878,0,none
9.311,-0.64897,-0.33120,0.46349,0,8,0,MODEL,0.7482,0.100,0.9893,0,none
9.361,-0.51466,-0.16278,0.24316,1,0,0,MODEL,-0.1304,0.100,0.9908,0,none
9.411,-0.36801,0.04913,0.12780,1,0,0,MODEL,-0.3317,0.100,0.9860,0,none
9.461,-0.24496,-0.02694,0.14121,1,0,0,MODEL,-0.2594,0.100,0.9895,0,none
9.511,-0.13609,0.61842,0.36925,0,1,0,MODEL,-0.2594,0.100,0.9921,0,none
9.563,-0.03250,3.08284,0.51143,0,2,0,MODEL,-0.2594,0.100,0.9949,0,none
9.612,0.06478,2.46020,0.34212,0,3,0,MODEL,-0.2594,0.100,0.9975,0,none
9.661,0.15540,2.44974,0.32339,0,4,0,MODEL,-0.2594,0.100,1.0001,0,none
9.711,0.23926,2.45906,0.33610,0,5,0,MODEL,-0.2594,0.100,1.0027,0,none
9.761,0.31627,2.57373,0.34926,0,6,0,MODEL,-0.2594,0.100,1.0053,0,none
9.812,0.38637,2.83695,0.46895,0,7,0,MODEL,-0.2594,0.100,1.0078,0,none
9.862,0.44946,2.80841,0.38754,0,8,0,MODEL,-0.2594,0.100,1.0103,0,none
9.911,0.50547,2.98362,0.61035,0,9,0,MODEL,-0.2594,0.100,1.0128,0,none
9.962,0.55433,3.71101,0.83030,0,10,0,FALLBACK,-0.8116,0.100,1.0153,0,none
10.011,0.59103,3.52063,0.54256,0,10,0,FALLBACK,-0.8465,0.100,1.0088,0,none
10.062,0.59144,2.26990,0.43287,0,10,0,FALLBACK,-0.8469,0.100,1.0078,0,none
10.112,0.56617,1.93992,0.31959,0,10,0,FALLBACK,-0.8229,0.100,1.0083,0,none
10.163,0.51776,3.69575,0.65795,0,10,0,FALLBACK,-0.7769,0.100,1.0093,0,none
10.212,0.44769,2.83546,0.66135,0,10,0,FALLBACK,-0.7103,0.100,1.0108,0,none
10.263,0.35799,2.28928,0.55528,0,10,0,FALLBACK,-0.6251,0.100,1.0128,0,none
10.314,0.25048,2.67651,0.50001,0,10,0,FALLBACK,-0.5230,0.100,1.0145,0,none
10.365,0.12774,2.67695,0.40819,0,10,0,FALLBACK,-0.4063,0.100,1.0177,0,none
10.411,-0.00636,0.93733,0.49320,0,10,0,FALLBACK,-0.2790,0.100,1.0200,0,none
10.464,-0.14943,0.23231,0.23627,1,10,1,FALLBACK,-0.1430,0.100,1.0234,0,none
10.515,-0.29580,0.13579,0.16465,1,10,2,FALLBACK,-0.0040,0.100,1.0262,0,none
10.565,-0.44353,0.19480,0.41882,0,10,0,FALLBACK,0.1364,0.100,1.0287,0,none
10.612,-0.58908,-0.68922,0.17170,1,10,1,FALLBACK,0.2746,0.100,1.0306,0,none
10.665,-0.72609,-0.83016,0.12162,1,10,2,FALLBACK,0.4048,0.100,1.0321,0,none
10.714,-0.85143,-0.96894,0.15735,1,10,3,FALLBACK,0.5239,0.100,1.0332,0,none
10.765,-0.96135,-1.06304,0.22726,1,10,4,FALLBACK,0.6283,0.100,1.0337,0,none
10.816,-1.05248,-1.10173,0.22792,1,10,5,FALLBACK,0.7149,0.100,1.0338,0,none
10.865,-1.12285,-1.28467,0.26333,1,10,6,FALLBACK,0.7817,0.100,1.0347,0,none
10.915,-1.17048,-1.34053,0.33696,0,10,0,FALLBACK,0.8270,0.100,1.0336,0,none
10.964,-1.19231,-1.08840,0.22441,1,10,1,FALLBACK,0.8477,0.100,1.0332,0,none
11.015,-1.18856,-1.08800,0.24282,1,10,2,FALLBACK,0.8441,0.100,1.0331,0,none
11.067,-1.15956,-1.06344,0.18722,1,10,3,FALLBACK,0.8166,0.100,1.0334,0,none
11.115,-1.10637,-1.23033,0.20838,1,10,4,FALLBACK,0.7660,0.100,1.0341,0,none
11.163,-1.03071,-1.33651,0.30953,0,10,0,FALLBACK,0.6942,0.100,1.0354,0,none
11.215,-0.93487,-1.37516,0.25097,1,10,1,FALLBACK,0.6031,0.100,1.0371,0,none
11.265,-0.82157,-1.24869,0.26722,1,10,2,FALLBACK,0.4955,0.100,1.0394,0,none
11.317,-0.69313,-0.99256,0.25066,1,10,3,FALLBACK,0.3735,0.100,1.0412,0,none
11.365,-0.55256,-0.19426,0.36865,0,10,0,FALLBACK,0.2399,0.100,1.0444,0,none
11.415,-0.34121,-0.48789,0.23547,1,10,1,FALLBACK,0.0392,0.100,1.0472,0,none
11.465,-0.26181,-0.39720,0.20467,1,10,2,FALLBACK,-0.0363,0.100,1.0496,0,none
11.514,-0.18586,-0.35798,0.24890,1,10,3,FALLBACK,-0.1084,0.100,1.0519,0,none
11.565,-0.11331,-0.24344,0.21036,1,10,4,FALLBACK,-0.1774,0.100,1.0540,0,none
11.616,-0.04596,-0.19142,0.19904,1,10,5,FALLBACK,-0.2413,0.100,1.0559,0,none
11.665,0.07029,0.20849,0.15806,1,10,6,FALLBACK,-0.3518,0.100,1.0577,0,none
11.715,0.04686,0.16665,0.16890,1,10,7,FALLBACK,-0.3295,0.100,1.0589,0,none
11.767,0.01009,0.04343,0.08724,1,10,8,FALLBACK,-0.2946,0.100,1.0605,0,none
11.814,-0.03674,0.09884,0.13498,1,10,9,FALLBACK,-0.2501,0.100,1.0626,0,none
11.864,-0.09145,-0.39642,0.16123,1,10,10,FALLBACK,-0.1981,0.100,1.0647,0,none
11.916,-0.11444,-0.52221,0.15474,1,10,11,FALLBACK,-0.1763,0.100,1.0668,0,none
11.966,-0.25306,-0.69965,0.14626,1,10,12,FALLBACK,-0.0446,0.100,1.0689,0,none
12.017,-0.39646,-1.01811,0.23914,1,10,13,FALLBACK,0.0916,0.100,1.0709,0,none
12.068,-0.53912,-1.30518,0.28737,0,10,0,FALLBACK,0.2272,0.100,1.0728,0,none
12.116,-0.67624,-1.97742,0.37422,0,10,0,FALLBACK,0.3574,0.100,1.0742,0,none
12.165,-0.75667,-1.46995,0.46424,0,10,0,FALLBACK,0.4338,0.100,1.0755,0,none
12.216,-0.94165,-1.76009,0.29924,0,10,0,FALLBACK,0.6096,0.100,1.0757,0,none
12.267,-1.11114,-2.19363,0.36155,0,10,0,FALLBACK,0.7706,0.100,1.0754,0,none
12.319,-1.25825,-3.09637,0.50180,0,10,0,FALLBACK,0.9103,0.100,1.0735,0,none
12.367,-1.37733,-3.14449,0.67198,0,10,0,FALLBACK,1.0000,0.100,1.0706,0,none
12.420,-1.38636,-3.39794,0.65124,0,10,0,FALLBACK,1.0000,0.100,1.0674,0,none
12.467,-1.51224,-2.87076,0.48674,0,10,0,FALLBACK,1.0000,0.100,1.0650,0,none
12.517,-1.60776,-3.28290,0.71056,0,10,0,FALLBACK,1.0000,0.100,1.0637,0,none
12.568,-1.67311,-3.92424,0.72807,0,10,0,FALLBACK,1.0000,0.100,1.0625,0,none
12.619,-1.70805,-3.81057,0.66939,0,10,0,FALLBACK,1.0000,0.100,1.0613,0,none
12.671,-1.60230,-3.30391,0.89546,0,10,0,FALLBACK,1.0000,0.100,1.0601,0,none
12.717,-1.65003,-2.29073,0.48272,0,10,0,FALLBACK,1.0000,0.100,1.0589,0,none
12.768,-1.66745,-2.48737,0.45525,0,10,0,FALLBACK,1.0000,0.100,1.0578,0,none
12.817,-1.65456,-2.13355,0.50676,0,10,0,FALLBACK,1.0000,0.100,1.0567,0,none
12.867,-1.61152,-1.31780,0.23824,1,10,1,FALLBACK,1.0000,0.100,1.0556,0,none
12.919,-1.53865,-1.37403,0.26777,1,10,2,FALLBACK,1.0000,0.100,1.0545,0,none
12.969,-1.36800,-1.18607,0.16409,1,10,3,FALLBACK,1.0000,0.100,1.0535,0,none
13.019,-1.30834,-1.55834,0.32150,0,10,0,FALLBACK,0.9579,0.100,1.0524,0,none
13.071,-1.21932,-1.64510,0.32784,0,10,0,FALLBACK,0.8734,0.100,1.0518,0,none
13.119,-1.10353,-1.49964,0.28304,1,10,1,FALLBACK,0.7634,0.100,1.0523,0,none
13.170,-0.96482,-1.46935,0.32893,0,10,0,FALLBACK,0.6316,0.100,1.0539,0,none
13.219,-0.80692,-1.46243,0.38396,0,10,0,FALLBACK,0.4816,0.100,1.0554,0,none
13.269,-0.63307,-0.67866,0.26470,1,10,1,FALLBACK,0.3164,0.100,1.0587,0,none
13.320,-0.44954,-0.20564,0.14675,1,10,2,FALLBACK,0.1421,0.100,1.0616,0,none
13.371,-0.26043,-0.26528,0.18121,1,10,3,FALLBACK,-0.0376,0.100,1.0643,0,none
13.401,-0.07034,0.16790,0.14760,1,10,4,FALLBACK,-0.2182,0.100,1.0666,0,none
13.453,0.11594,0.55131,0.19839,1,10,5,FALLBACK,-0.3951,0.100,1.0673,0,none
13.506,0.28762,0.77914,0.13530,1,10,6,FALLBACK,-0.5582,0.100,1.0675,0,none
13.553,0.44411,0.84400,0.18839,1,10,7,FALLBACK,-0.7069,0.100,1.0678,0,none
13.603,0.57807,1.07376,0.18906,1,10,8,FALLBACK,-0.8342,0.100,1.0657,0,none
13.653,0.68443,1.08049,0.20895,1,10,9,FALLBACK,-0.9352,0.100,1.0636,0,none
13.703,0.70891,0.99015,0.16048,1,10,10,FALLBACK,-0.9585,0.100,1.0611,0,none
13.754,0.79025,1.19216,0.22408,1,10,11,FALLBACK,-1.0000,0.100,1.0596,0,none
13.804,0.84128,1.39632,0.33695,0,10,0,FALLBACK,-1.0000,0.100,1.0578,0,none
13.853,0.86104,1.21469,0.23365,1,10,1,FALLBACK,-1.0000,0.100,1.0566,0,none
13.904,0.85056,1.21236,0.16320,1,10,2,FALLBACK,-1.0000,0.100,1.0555,0,none
13.954,0.76101,0.30614,0.30152,0,10,0,FALLBACK,-1.0000,0.100,1.0544,0,none
14.007,0.72715,0.76657,0.21037,1,10,1,FALLBACK,-0.9758,0.100,1.0534,0,none
14.054,0.66396,0.83902,0.19335,1,10,2,FALLBACK,-0.9158,0.100,1.0529,0,none
14.104,0.57359,0.45934,0.28658,0,10,0,FALLBACK,-0.8299,0.100,1.0533,0,none
14.155,0.45928,-0.02968,0.17770,1,10,1,FALLBACK,-0.7213,0.100,1.0545,0,none
14.206,0.27581,-0.03685,0.12970,1,10,2,FALLBACK,-0.5470,0.100,1.0565,0,none
14.255,0.15785,0.00472,0.09432,1,10,3,FALLBACK,-0.4350,0.100,1.0584,0,none
14.305,0.02866,0.13922,0.12944,1,10,4,FALLBACK,-0.3122,0.100,1.0615,0,none
14.356,-0.10857,0.68086,0.18245,1,10,5,FALLBACK,-0.1819,0.100,1.0640,0,none
14.404,-0.25260,0.83455,0.23190,1,10,6,FALLBACK,-0.0450,0.100,1.0663,0,none
14.456,-0.44700,0.49687,0.28727,0,10,0,FALLBACK,0.1396,0.100,1.0685,0,none
14.507,-0.55445,0.47350,0.45550,0,10,0,FALLBACK,0.2417,0.100,1.0698,0,none
14.557,-0.65358,0.19129,0.38421,0,10,0,FALLBACK,0.3359,0.100,1.0713,0,none
14.607,-0.74182,0.00397,0.33568,0,10,0,FALLBACK,0.4197,0.100,1.0721,0,none
14.656,-0.81720,0.04684,0.18169,1,10,1,FALLBACK,0.4913,0.100,1.0732,0,none
14.708,-0.91009,0.12679,0.40336,0,10,0,FALLBACK,0.5796,0.100,1.0735,0,none
14.757,-0.91442,0.29843,0.65752,0,10,0,FALLBACK,0.5837,0.100,1.0740,0,none
14.807,-0.89842,0.92862,0.47854,0,10,0,FALLBACK,0.5685,0.100,1.0743,0,none
14.857,-0.86341,-0.30025,0.69829,0,10,0,FALLBACK,0.5352,0.100,1.0753,0,none
14.906,-0.81126,-0.35524,0.50189,0,10,0,FALLBACK,0.4857,0.100,1.0768,0,none
14.958,-0.75889,-0.89976,0.32769,0,10,0,FALLBACK,0.4359,0.100,1.0785,0,none
15.008,-0.64048,-0.44731,0.32830,0,10,0,FALLBACK,0.3235,0.100,1.0801,0,none
15.057,-0.50959,-0.08918,0.18434,1,10,1,FALLBACK,0.1991,0.100,1.0820,0,none
15.107,-0.37149,0.47989,0.43925,0,10,0,FALLBACK,0.0679,0.100,1.0844,0,none
15.159,-0.27282,0.95964,0.60297,0,10,0,FALLBACK,-0.0258,0.100,1.0865,0,none
15.209,-0.09771,1.64026,0.54890,0,10,0,FALLBACK,-0.1922,0.100,1.0884,0,none
15.260,0.07476,1.16431,0.54398,0,10,0,FALLBACK,-0.3560,0.100,1.0899,0,none
15.310,0.23739,1.01046,0.54745,0,10,0,FALLBACK,-0.5105,0.100,1.0901,0,none
15.359,0.38394,1.19171,0.49214,0,10,0,FALLBACK,-0.6497,0.100,1.0897,0,none
15.409,0.46949,1.49953,0.38817,0,10,0,FALLBACK,-0.7310,0.100,1.0887,0,none
15.459,0.60763,0.56475,0.27889,1,10,1,FALLBACK,-0.8623,0.100,1.0879,0,none
15.510,0.71973,0.61830,0.20324,1,10,2,FALLBACK,-0.9687,0.100,1.0854,0,none
15.559,0.80075,1.19004,0.31524,0,10,0,FALLBACK,-1.0000,0.100,1.0829,0,none
15.609,0.84800,1.77797,0.51860,0,10,0,FALLBACK,-1.0000,0.100,1.0799,0,none
15.659,0.82713,3.02254,0.41304,0,10,0,FALLBACK,-1.0000,0.100,1.0781,0,none
15.711,0.84737,2.02403,0.34242,0,10,0,FALLBACK,-1.0000,0.100,1.0766,0,none
15.761,0.83626,1.88122,0.27381,1,10,1,FALLBACK,-1.0000,0.100,1.0752,0,none
15.811,0.79398,1.31367,0.22890,1,10,2,FALLBACK,-1.0000,0.100,1.0738,0,none
15.861,0.72088,1.18782,0.24459,1,10,3,FALLBACK,-0.9698,0.100,1.0724,0,none
15.908,0.58779,0.20389,0.41409,0,10,0,FALLBACK,-0.8434,0.100,1.0715,0,none
15.960,0.49344,-0.21852,0.12806,1,10,1,FALLBACK,-0.7538,0.100,1.0723,0,none
16.010,0.37651,-0.01579,0.12484,1,10,2,FALLBACK,-0.6427,0.100,1.0728,0,none
16.061,0.23904,0.78631,0.19598,1,10,3,FALLBACK,-0.5121,0.100,1.0754,0,none
16.111,0.08651,1.22268,0.21437,1,10,4,FALLBACK,-0.3672,0.100,1.0777,0,none
16.160,-0.10605,0.92760,0.23775,1,10,5,FALLBACK,-0.1842,0.100,1.0802,0,none
16.210,-0.24155,0.29505,0.33939,0,10,0,FALLBACK,-0.0555,0.100,1.0825,0,none
16.261,-0.37900,-0.14662,0.22817,1,10,1,FALLBACK,0.0751,0.100,1.0846,0,none
16.310,-0.51495,-0.00081,0.16374,1,10,2,FALLBACK,0.2042,0.100,1.0862,0,none
16.361,-0.64593,-0.42098,0.16016,1,10,3,FALLBACK,0.3286,0.100,1.0880,0,none
16.412,-0.78779,-0.38612,0.23312,1,10,4,FALLBACK,0.4634,0.100,1.0883,0,none
16.460,-0.85790,-0.40735,0.44608,0,10,0,FALLBACK,0.5300,0.100,1.0882,0,none
16.511,-0.90986,0.04336,0.44756,0,10,0,FALLBACK,0.5794,0.100,1.0889,0,none
16.561,-0.94321,-0.95263,0.42235,0,10,0,FALLBACK,0.6110,0.100,1.0886,0,none
16.610,-0.99214,1.45844,0.61085,0,10,0,FALLBACK,0.6575,0.100,1.0891,0,none
16.662,-0.94614,0.74343,0.60600,0,10,0,FALLBACK,0.6138,0.100,1.0889,0,none
16.711,-0.87790,2.88762,0.63396,0,10,0,FALLBACK,0.5490,0.100,1.0895,0,none
16.761,-0.79127,2.26845,0.39049,0,10,0,FALLBACK,0.4667,0.100,1.0909,0,none
16.811,-0.68916,2.20280,0.34744,0,10,0,FALLBACK,0.3697,0.100,1.0927,0,none
16.861,-0.59303,2.31410,0.29676,0,10,0,FALLBACK,0.2784,0.100,1.0947,0,none
16.913,-0.43316,2.60185,0.36503,0,10,0,FALLBACK,0.1265,0.100,1.0968,0,none
16.960,-0.26744,2.78811,0.41567,0,10,0,FALLBACK,-0.0309,0.100,1.0988,0,none
17.013,-0.10153,2.26026,0.39859,0,10,0,FALLBACK,-0.1885,0.100,1.1005,0,none
17.063,0.01097,1.51527,0.27566,1,10,1,FALLBACK,-0.2954,0.100,1.1017,0,none
17.113,0.19767,2.97189,0.58228,0,10,0,FALLBACK,-0.4728,0.100,1.1025,0,none
17.165,0.37167,2.75582,0.33631,0,10,0,FALLBACK,-0.6381,0.100,1.1022,0,none
17.212,0.52724,2.58184,0.39829,0,10,0,FALLBACK,-0.7859,0.100,1.1027,0,none
17.263,0.66050,2.16461,0.45202,0,10,0,FALLBACK,-0.9125,0.100,1.1008,0,none
17.314,0.76384,2.17013,0.37897,0,10,0,FALLBACK,-1.0000,0.100,1.0957,0,none
17.365,0.83203,1.93884,0.28701,0,10,0,FALLBACK,-1.0000,0.100,1.0922,0,none
17.415,0.86539,1.47438,0.29902,0,10,0,FALLBACK,-1.0000,0.100,1.0899,0,none
17.467,0.86633,0.49788,0.14499,1,10,1,FALLBACK,-1.0000,0.100,1.0881,0,none
17.515,0.83532,0.30566,0.13884,1,10,2,FALLBACK,-1.0000,0.100,1.0865,0,none
17.565,0.77262,0.33116,0.13725,1,10,3,FALLBACK,-1.0000,0.100,1.0849,0,none
17.616,0.67874,0.15752,0.12892,1,10,4,FALLBACK,-0.9298,0.100,1.0833,0,none
17.666,0.55431,0.07134,0.11016,1,10,5,FALLBACK,-0.8116,0.100,1.0817,0,none
17.716,0.40362,0.20075,0.18834,1,10,6,FALLBACK,-0.6684,0.100,1.0834,0,none
17.768,0.23318,0.21994,0.15313,1,10,7,FALLBACK,-0.5065,0.100,1.0854,0,none
17.814,0.04614,0.17472,0.18785,1,10,8,FALLBACK,-0.3288,0.100,1.0867,0,none
17.867,-0.15406,0.03300,0.25069,1,10,9,FALLBACK,-0.1386,0.100,1.0898,0,none
17.916,-0.35961,-0.75408,0.23626,1,10,10,FALLBACK,0.0566,0.100,1.0922,0,none
17.969,-0.56559,-0.90854,0.15235,1,10,11,FALLBACK,0.2523,0.100,1.0940,0,none
18.020,-0.76657,-1.12725,0.18822,1,10,12,FALLBACK,0.4432,0.100,1.0954,0,none
18.068,-0.95811,-1.34361,0.24599,1,10,13,FALLBACK,0.6252,0.100,1.0958,0,none
18.118,-1.13248,-1.60122,0.30752,0,10,0,FALLBACK,0.7909,0.100,1.0935,0,none
18.169,-1.28171,-1.74674,0.30710,0,10,0,FALLBACK,0.9326,0.100,1.0909,0,none
18.219,-1.40175,-1.57518,0.31738,0,10,0,FALLBACK,1.0000,0.100,1.0890,0,none
18.271,-1.48965,-1.58250,0.27332,1,10,1,FALLBACK,1.0000,0.100,1.0850,0,none
18.319,-1.54329,-1.51005,0.31773,0,10,0,FALLBACK,1.0000,0.100,1.0818,0,none
18.370,-1.56440,-1.33955,0.31873,0,10,0,FALLBACK,1.0000,0.100,1.0802,0,none
18.419,-1.55391,-1.29724,0.30992,0,10,0,FALLBACK,1.0000,0.100,1.0787,0,none
18.453,-1.51202,-1.48572,0.34384,0,10,0,FALLBACK,1.0000,0.100,1.0771,0,none
18.504,-1.24447,-1.49562,0.38476,0,10,0,FALLBACK,0.8972,0.100,1.0757,0,none
18.553,-1.25413,-0.91464,0.57077,0,10,0,FALLBACK,0.9064,0.100,1.0762,0,none
18.603,-1.23786,-0.88779,0.29334,0,10,0,FALLBACK,0.8910,0.100,1.0758,0,none
18.654,-1.19339,-0.42864,0.18533,1,10,1,FALLBACK,0.8487,0.100,1.0753,0,none
18.702,-1.12226,-0.44195,0.16356,1,10,2,FALLBACK,0.7811,0.100,1.0755,0,none
18.754,-1.02701,-0.48832,0.13535,1,10,3,FALLBACK,0.6907,0.100,1.0764,0,none
18.806,-0.78331,-0.71655,0.13007,1,10,4,FALLBACK,0.4591,0.100,1.0780,0,none
18.855,-0.76238,-0.84316,0.15733,1,10,5,FALLBACK,0.4393,0.100,1.0809,0,none
18.904,-0.73203,-1.10609,0.29429,0,10,0,FALLBACK,0.4104,0.100,1.0829,0,none
18.955,-0.68872,-0.81485,0.18308,1,10,1,FALLBACK,0.3693,0.100,1.0845,0,none
19.004,-0.63338,-0.78692,0.16229,1,10,2,FALLBACK,0.3167,0.100,1.0863,0,none
19.055,-0.43415,-0.54392,0.15506,1,10,3,FALLBACK,0.1274,0.100,1.0882,0,none
19.107,-0.47598,-0.49837,0.13646,1,10,4,FALLBACK,0.1672,0.100,1.0903,0,none
19.155,-0.51661,-0.68988,0.19310,1,10,5,FALLBACK,0.2058,0.100,1.0921,0,none
19.207,-0.55069,-0.47785,0.13083,1,10,6,FALLBACK,0.2382,0.100,1.0936,0,none
19.256,-0.57715,-0.81368,0.17384,1,10,7,FALLBACK,0.2633,0.100,1.0951,0,none
19.307,-0.47243,-0.74191,0.12947,1,10,8,FALLBACK,0.1638,0.100,1.0964,0,none
19.355,-0.59550,-0.88229,0.15808,1,10,9,FALLBACK,0.2807,0.100,1.0983,0,none
19.406,-0.71328,-1.07408,0.19982,1,10,10,FALLBACK,0.3926,0.100,1.0993,0,none
19.456,-0.81907,-0.78400,0.16587,1,10,11,FALLBACK,0.4931,0.100,1.0998,0,none
19.505,-0.90883,-1.22264,0.23346,1,10,12,FALLBACK,0.5784,0.100,1.0998,0,none
19.556,-0.84276,-1.33285,0.27842,1,10,13,FALLBACK,0.5156,0.100,1.0995,0,none
19.609,-1.00387,-1.48761,0.21684,1,10,14,FALLBACK,0.6687,0.100,1.1003,0,none
19.656,-1.14976,-1.54940,0.23363,1,10,15,FALLBACK,0.8073,0.100,1.1003,0,none
19.708,-1.27014,-1.68485,0.29218,0,10,0,FALLBACK,0.9216,0.100,1.0972,0,none
19.758,-1.35927,-1.84236,0.34418,0,10,0,FALLBACK,1.0000,0.100,1.0940,0,none
19.807,-1.22909,-1.86290,0.31101,0,10,0,FALLBACK,0.8826,0.100,1.0906,0,none
19.860,-1.36264,-2.01191,0.32811,0,10,0,FALLBACK,1.0000,0.100,1.0900,0,none
19.909,-1.47031,-1.73762,0.27857,1,10,1,FALLBACK,1.0000,0.100,1.0879,0,none
19.959,-1.54383,-1.51719,0.24858,1,10,2,FALLBACK,1.0000,0.100,1.0855,0,none
20.009,-1.58519,-1.52349,0.31385,0,10,0,FALLBACK,1.0000,0.100,1.0838,0,none
20.061,-1.59478,-1.59018,0.29956,0,10,0,FALLBACK,1.0000,0.100,1.0822,0,none
20.109,-1.43588,-1.70743,0.26963,1,10,1,FALLBACK,1.0000,0.100,1.0806,0,none
20.162,-1.49484,-1.91808,0.23667,1,10,2,FALLBACK,1.0000,0.100,1.0791,0,none
20.211,-1.52236,-1.96453,0.24206,1,10,3,FALLBACK,1.0000,0.100,1.0776,0,none
20.260,-1.51843,-1.80278,0.28985,0,10,0,FALLBACK,1.0000,0.100,1.0761,0,none
20.309,-1.48319,-1.13279,0.74835,0,10,0,FALLBACK,1.0000,0.100,1.0746,0,none
20.360,-1.41697,-1.64319,0.36331,0,10,0,FALLBACK,1.0000,0.100,1.0732,0,none
20.410,-1.23310,-1.69103,0.30295,0,10,0,FALLBACK,0.8864,0.100,1.0718,0,none
20.461,-1.21750,-1.13180,0.29323,0,10,0,FALLBACK,0.8716,0.100,1.0720,0,none
20.512,-1.17718,-0.95531,0.23500,1,10,1,FALLBACK,0.8333,0.100,1.0725,0,none
20.561,-1.11091,-1.32563,0.28702,0,10,0,FALLBACK,0.7704,0.100,1.0727,0,none
20.612,-1.02040,-1.67605,0.31784,0,10,0,FALLBACK,0.6844,0.100,1.0735,0,none
20.661,-0.77702,-1.63063,0.40643,0,10,0,FALLBACK,0.4532,0.100,1.0750,0,none
20.711,-0.75871,-1.14603,0.35363,0,10,0,FALLBACK,0.4358,0.100,1.0774,0,none
20.760,-0.73127,-0.90072,0.23352,1,10,1,FALLBACK,0.4097,0.100,1.0799,0,none
20.811,-0.69120,-0.78019,0.22428,1,10,2,FALLBACK,0.3716,0.100,1.0816,0,none
20.862,-0.63879,-0.74774,0.13987,1,10,3,FALLBACK,0.3219,0.100,1.0833,0,none
20.912,-0.57560,-0.75052,0.24868,1,10,4,FALLBACK,0.2618,0.100,1.0851,0,none
20.962,-0.50351,-0.31251,0.15617,1,10,5,FALLBACK,0.1933,0.100,1.0871,0,none
21.014,-0.42468,-0.43641,0.15414,1,10,6,FALLBACK,0.1184,0.100,1.0891,0,none
21.061,-0.34088,-0.55347,0.16478,1,10,7,FALLBACK,0.0388,0.100,1.0909,0,none
21.113,-0.25431,-1.48275,0.28346,1,10,8,FALLBACK,-0.0434,0.100,1.0929,0,none
21.161,-0.16906,-1.95336,0.54170,0,10,0,FALLBACK,-0.1244,0.100,1.0947,0,none
21.213,-0.08736,-1.30372,0.33431,0,10,0,FALLBACK,-0.2020,0.100,1.0963,0,none
21.265,-0.01123,-1.68669,0.34032,0,10,0,FALLBACK,-0.2743,0.100,1.0979,0,none
21.313,0.05706,-0.58970,0.21351,1,10,1,FALLBACK,-0.3392,0.100,1.0989,0,none
21.364,0.11366,-0.96714,0.18352,1,10,2,FALLBACK,-0.3930,0.100,1.0998,0,none
21.414,0.15712,-2.52822,0.59517,0,10,0,FALLBACK,-0.4343,0.100,1.1007,0,none
21.466,0.18590,-2.36675,0.65860,0,10,0,FALLBACK,-0.4616,0.100,1.1015,0,none
21.515,0.19897,-0.88267,0.27713,1,10,1,FALLBACK,-0.4740,0.100,1.1022,0,none
21.564,0.19582,-0.86765,0.30766,0,10,0,FALLBACK,-0.4710,0.100,1.1031,0,none
21.615,0.17648,-0.55888,0.31497,0,10,0,FALLBACK,-0.4527,0.100,1.1040,0,none
21.663,0.14155,-0.04819,0.18805,1,10,1,FALLBACK,-0.4195,0.100,1.1052,0,none
21.716,0.09210,-0.36810,0.59936,0,10,0,FALLBACK,-0.3725,0.100,1.1065,0,none
21.764,0.02967,0.61705,0.36973,0,10,0,FALLBACK,-0.3132,0.100,1.1079,0,none
21.814,-0.04381,0.13024,0.14501,1,10,1,FALLBACK,-0.2434,0.100,1.1096,0,none
21.865,-0.12606,-0.02146,0.10709,1,10,2,FALLBACK,-0.1652,0.100,1.1113,0,none
21.914,-0.21454,-0.12793,0.10894,1,10,3,FALLBACK,-0.0812,0.100,1.1130,0,none
21.963,-0.30648,-0.58697,0.30595,0,10,0,FALLBACK,0.0062,0.100,1.1147,0,none
22.014,-0.39898,-2.22964,0.60127,0,10,0,FALLBACK,0.0940,0.100,1.1162,0,none
22.066,-0.48903,-2.95152,0.53820,0,10,0,FALLBACK,0.1796,0.100,1.1176,0,none
22.115,-0.57360,-2.29175,0.85877,0,10,0,FALLBACK,0.2599,0.100,1.1187,0,none
22.165,-0.64974,-3.74896,1.75093,0,10,0,FALLBACK,0.3323,0.100,1.1196,0,none
22.217,-0.71471,-4.02437,1.16393,0,10,0,FALLBACK,0.3940,0.100,1.1202,0,none
22.266,-0.76671,-4.42446,0.95321,0,10,0,FALLBACK,0.4434,0.100,1.1212,0,none
22.314,-0.80407,-2.87309,0.60587,0,10,0,FALLBACK,0.4789,0.100,1.1212,0,none
22.366,-0.82412,-3.26581,0.68037,0,10,0,FALLBACK,0.4979,0.100,1.1215,0,none
22.417,-0.82653,-2.94499,1.41248,0,10,0,FALLBACK,0.5002,0.100,1.1219,0,none
22.467,-0.81119,-1.78993,1.33944,0,10,0,FALLBACK,0.4856,0.100,1.1225,0,none
22.517,-0.77844,1.49627,1.18881,0,10,0,FALLBACK,0.4545,0.100,1.1232,0,none
22.567,-0.72919,0.18904,0.64638,0,10,0,FALLBACK,0.4077,0.100,1.1241,0,none
22.615,-0.66489,0.14261,0.71807,0,10,0,FALLBACK,0.3466,0.100,1.1252,0,none
22.667,-0.58752,-0.87698,0.19528,1,10,1,FALLBACK,0.2731,0.100,1.1266,0,none
22.718,-0.49946,-0.64882,0.14501,1,10,2,FALLBACK,0.1895,0.100,1.1282,0,none
22.767,-0.40343,-0.57308,0.17959,1,10,3,FALLBACK,0.0983,0.100,1.1298,0,none
22.817,-0.30244,-0.39691,0.14899,1,10,4,FALLBACK,0.0023,0.100,1.1314,0,none
22.867,-0.19952,-0.31675,0.14419,1,10,5,FALLBACK,-0.0955,0.100,1.1329,0,none
22.919,-0.09733,0.00691,0.06899,1,10,6,FALLBACK,-0.1925,0.100,1.1342,0,none
22.968,-0.00050,0.21249,0.15113,1,10,7,FALLBACK,-0.2845,0.100,1.1354,0,none
23.017,0.08864,0.53096,0.15943,1,10,8,FALLBACK,-0.3692,0.100,1.1359,0,none
23.068,0.16535,0.68477,0.15697,1,10,9,FALLBACK,-0.4421,0.100,1.1363,0,none
23.119,0.22709,0.40339,0.16405,1,10,10,FALLBACK,-0.5007,0.100,1.1364,0,none
23.167,0.27143,0.59669,0.15818,1,10,11,FALLBACK,-0.5429,0.100,1.1363,0,none
23.219,0.33022,0.29819,0.14738,1,10,12,FALLBACK,-0.5987,0.100,1.1362,0,none
23.272,0.24811,0.20947,0.13900,1,10,13,FALLBACK,-0.5207,0.100,1.1358,0,none
23.317,0.14420,0.13686,0.11850,1,10,14,FALLBACK,-0.4220,0.100,1.1359,0,none
23.367,0.02354,-0.05703,0.08194,1,10,15,FALLBACK,-0.3074,0.100,1.1372,0,none
23.419,-0.03444,-0.20060,0.12777,1,10,16,FALLBACK,-0.2523,0.100,1.1388,0,none
23.469,-0.25595,-0.51388,0.11276,1,10,17,FALLBACK,-0.0418,0.100,1.1404,0,none
23.517,-0.48401,-0.71867,0.18866,1,10,18,FALLBACK,0.1748,0.100,1.1417,0,none
23.568,-0.71038,-0.61181,0.23135,1,10,19,FALLBACK,0.3899,0.100,1.1425,0,none
23.619,-0.92714,-0.64526,0.19323,1,10,20,FALLBACK,0.5958,0.100,1.1420,0,none
23.670,-1.03137,-1.25650,0.26601,1,10,21,FALLBACK,0.6948,0.100,1.1415,0,none
23.719,-1.28565,-1.53197,0.31408,0,10,0,FALLBACK,0.9364,0.100,1.1377,0,none
23.768,-1.51435,-1.60431,0.46696,0,10,0,FALLBACK,1.0000,0.100,1.1335,0,none
23.817,-1.70756,-1.38210,0.56063,0,10,0,FALLBACK,1.0000,0.100,1.1278,0,none
23.871,-1.86565,-0.93728,1.26354,0,10,0,FALLBACK,1.0000,0.100,1.1244,0,none
23.921,-1.99054,0.42736,1.11477,0,10,0,FALLBACK,1.0000,0.100,1.1219,0,none
23.971,-2.01815,-0.22342,1.23936,0,10,0,FALLBACK,1.0000,0.100,1.1196,0,none
24.020,-2.15952,-0.45321,1.39718,0,10,0,FALLBACK,1.0000,0.100,1.1173,0,none
24.071,-2.26819,-1.18546,1.19345,0,10,0,FALLBACK,1.0000,0.100,1.1151,0,none
24.122,-2.34374,-0.87557,0.99773,0,10,0,FALLBACK,1.0000,0.100,1.1129,0,none
24.156,-2.38593,-1.45856,0.64405,0,10,0,FALLBACK,1.0000,0.100,1.1107,0,none
24.220,-2.28366,-2.24760,0.33582,0,10,0,FALLBACK,1.0000,0.100,1.1086,0,none
24.251,-2.34386,-2.04062,0.27951,1,10,1,FALLBACK,1.0000,0.100,1.1065,0,none
24.306,-2.37098,-2.07526,0.68228,0,10,0,FALLBACK,1.0000,0.100,1.1045,0,none
24.354,-2.36505,-2.26003,0.51276,0,10,0,FALLBACK,1.0000,0.100,1.1025,0,none
24.405,-2.32629,-2.25930,0.30904,0,10,0,FALLBACK,1.0000,0.100,1.1005,0,none
24.453,-2.25509,-2.05334,0.32742,0,10,0,FALLBACK,1.0000,0.100,1.0986,0,none
24.506,-2.07693,-2.20494,0.31766,0,10,0,FALLBACK,1.0000,0.100,1.0967,0,none
24.555,-2.02458,-2.06194,0.26763,1,10,1,FALLBACK,1.0000,0.100,1.0949,0,none
24.605,-1.94029,-1.71107,0.38511,0,10,0,FALLBACK,1.0000,0.100,1.0931,0,none
24.656,-1.82467,-1.49448,0.27634,1,10,1,FALLBACK,1.0000,0.100,1.0913,0,none
24.707,-1.67850,-1.30886,0.27687,1,10,2,FALLBACK,1.0000,0.100,1.0896,0,none
24.757,-1.37913,-1.09768,0.27505,1,10,3,FALLBACK,1.0000,0.100,1.0879,0,none
24.805,-1.25162,-0.83613,0.22617,1,10,4,FALLBACK,0.9040,0.100,1.0862,0,none
24.856,-1.09564,-0.63762,0.15066,1,10,5,FALLBACK,0.7559,0.100,1.0864,0,none
24.905,-0.91721,-0.65146,0.14111,1,10,6,FALLBACK,0.5864,0.100,1.0882,0,none
24.957,-0.72211,-0.40646,0.20074,1,10,7,FALLBACK,0.4010,0.100,1.0908,0,none
25.006,-0.51570,-0.53488,0.12798,1,10,8,FALLBACK,0.2049,0.100,1.0935,0,none
25.057,-0.22012,-0.09564,0.12885,1,10,9,FALLBACK,-0.0759,0.100,1.0960,0,none
25.106,-0.08666,-0.04448,0.13200,1,10,10,FALLBACK,-0.2027,0.100,1.0973,0,none
25.157,0.03735,0.07701,0.16761,1,10,11,FALLBACK,-0.3205,0.100,1.0984,0,none
25.207,0.15154,0.89231,0.13569,1,10,12,FALLBACK,-0.4290,0.100,1.0992,0,none
25.262,0.25216,0.98937,0.23494,1,10,13,FALLBACK,-0.5246,0.100,1.0995,0,none
25.309,0.33547,0.77595,0.11220,1,10,14,FALLBACK,-0.6037,0.100,1.0995,0,none
25.357,0.39853,1.22259,0.21513,1,10,15,FALLBACK,-0.6636,0.100,1.0992,0,none
25.407,0.43914,1.98683,0.36734,0,10,0,FALLBACK,-0.7022,0.100,1.0987,0,none
25.458,0.45590,2.25662,0.38025,0,10,0,FALLBACK,-0.7181,0.100,1.0983,0,none
25.509,0.44828,2.05464,0.30189,0,10,0,FALLBACK,-0.7109,0.100,1.0981,0,none
25.559,0.41660,1.51229,0.28080,1,10,1,FALLBACK,-0.6808,0.100,1.0981,0,none
25.610,0.36198,0.91325,0.19708,1,10,2,FALLBACK,-0.6289,0.100,1.0986,0,none
25.659,0.28623,0.89610,0.18971,1,10,3,FALLBACK,-0.5569,0.100,1.0995,0,none
25.711,0.19136,0.17192,0.19634,1,10,4,FALLBACK,-0.4668,0.100,1.1006,0,none
25.761,0.08053,0.08930,0.11334,1,10,5,FALLBACK,-0.3615,0.100,1.1025,0,none
25.809,-0.04249,0.05482,0.10641,1,10,6,FALLBACK,-0.2446,0.100,1.1044,0,none
25.860,-0.17488,-0.16717,0.14649,1,10,7,FALLBACK,-0.1189,0.100,1.1063,0,none
25.909,-0.31236,-0.51067,0.14857,1,10,8,FALLBACK,0.0117,0.100,1.1082,0,none
25.959,-0.45015,-0.59809,0.14748,1,10,9,FALLBACK,0.1426,0.100,1.1098,0,none
26.009,-0.58417,-0.71156,0.18651,1,10,10,FALLBACK,0.2700,0.100,1.1110,0,none
26.060,-0.71089,-0.89911,0.14599,1,10,11,FALLBACK,0.3903,0.100,1.1119,0,none
26.110,-0.82621,-1.01240,0.20757,1,10,12,FALLBACK,0.4999,0.100,1.1123,0,none
26.160,-0.92493,-1.06647,0.14631,1,10,13,FALLBACK,0.5937,0.100,1.1117,0,none
26.211,-1.00321,-0.99613,0.22552,1,10,14,FALLBACK,0.6680,0.100,1.1110,0,none
26.261,-1.05851,-1.10699,0.25598,1,10,15,FALLBACK,0.7206,0.100,1.1100,0,none
26.311,-1.08924,-0.99857,0.18553,1,10,16,FALLBACK,0.7498,0.100,1.1093,0,none
26.363,-1.09413,-1.02684,0.21035,1,10,17,FALLBACK,0.7544,0.100,1.1083,0,none
26.410,-1.07281,-0.94056,0.18704,1,10,18,FALLBACK,0.7342,0.100,1.1078,0,none
26.461,-1.02624,-0.68488,0.11898,1,10,19,FALLBACK,0.6899,0.100,1.1077,0,none
26.511,-0.95610,-0.63490,0.13782,1,10,20,FALLBACK,0.6233,0.100,1.1081,0,none
26.561,-0.86471,-0.08093,0.15913,1,10,21,FALLBACK,0.5365,0.100,1.1091,0,none
26.613,-0.75502,-0.03563,0.21938,1,10,22,FALLBACK,0.4323,0.100,1.1106,0,none
26.662,-0.63043,1.28560,0.21255,1,10,23,FALLBACK,0.3139,0.100,1.1123,0,none
26.713,-0.49384,0.97438,0.14297,1,10,24,FALLBACK,0.1841,0.100,1.1138,0,none
26.762,-0.34876,0.62176,0.32260,0,10,0,FALLBACK,0.0463,0.100,1.1161,0,none
26.812,-0.20188,0.85381,0.20659,1,10,1,FALLBACK,-0.0932,0.100,1.1178,0,none
26.865,-0.05701,2.09075,0.31089,0,10,0,FALLBACK,-0.2308,0.100,1.1192,0,none
26.915,0.08208,1.42760,0.36296,0,10,0,FALLBACK,-0.3630,0.100,1.1203,0,none
26.964,0.21007,1.73539,0.22527,1,10,1,FALLBACK,-0.4846,0.100,1.1203,0,none
27.013,0.32176,2.22946,0.32325,0,10,0,FALLBACK,-0.5907,0.100,1.1200,0,none
27.063,0.41335,1.63505,0.29212,0,10,0,FALLBACK,-0.6777,0.100,1.1192,0,none
27.116,0.48148,2.72813,0.47517,0,10,0,FALLBACK,-0.7424,0.100,1.1181,0,none
27.162,0.52367,2.74356,0.48480,0,10,0,FALLBACK,-0.7825,0.100,1.1168,0,none
27.214,0.53846,2.27353,0.29186,0,10,0,FALLBACK,-0.7965,0.100,1.1155,0,none
27.266,0.52554,3.01054,0.62646,0,10,0,FALLBACK,-0.7843,0.100,1.1147,0,none
27.314,0.48543,2.53913,0.60861,0,10,0,FALLBACK,-0.7462,0.100,1.1138,0,none
27.367,0.41929,2.43052,0.57365,0,10,0,FALLBACK,-0.6833,0.100,1.1139,0,none
27.414,0.32980,1.75961,0.36435,0,10,0,FALLBACK,-0.5983,0.100,1.1145,0,none
27.466,0.21982,2.01618,0.42474,0,10,0,FALLBACK,-0.4938,0.100,1.1157,0,none
27.516,0.09202,1.28573,0.24379,1,10,1,FALLBACK,-0.3724,0.100,1.1165,0,none
27.566,-0.05019,0.15923,0.17826,1,10,2,FALLBACK,-0.2373,0.100,1.1189,0,none
27.615,-0.17768,0.24389,0.22513,1,10,3,FALLBACK,-0.1162,0.100,1.1208,0,none
27.665,-0.35500,-0.47670,0.15583,1,10,4,FALLBACK,0.0523,0.100,1.1224,0,none
27.716,-0.53410,-0.73134,0.14697,1,10,5,FALLBACK,0.2224,0.100,1.1237,0,none
27.765,-0.70652,-0.82919,0.15936,1,10,6,FALLBACK,0.3862,0.100,1.1243,0,none
27.816,-0.86710,-0.98991,0.19345,1,10,7,FALLBACK,0.5387,0.100,1.1240,0,none
27.866,-1.01156,-1.08681,0.18883,1,10,8,FALLBACK,0.6760,0.100,1.1245,0,none
27.915,-1.13605,-1.20455,0.19235,1,10,9,FALLBACK,0.7943,0.100,1.1220,0,none
27.967,-1.23313,-1.24363,0.20868,1,10,10,FALLBACK,0.8865,0.100,1.1194,0,none
28.019,-1.29982,-1.19692,0.18952,1,10,11,FALLBACK,0.9498,0.100,1.1165,0,none
28.068,-1.33378,-1.22507,0.19589,1,10,12,FALLBACK,0.9821,0.100,1.1141,0,none
28.118,-1.33433,-1.09715,0.23126,1,10,13,FALLBACK,0.9826,0.100,1.1107,0,none
28.167,-1.30057,-1.12102,0.23728,1,10,14,FALLBACK,0.9505,0.100,1.1083,0,none
28.217,-1.23425,-0.95054,0.27064,1,10,15,FALLBACK,0.8875,0.100,1.1067,0,none
28.273,-1.13780,1.63203,0.54484,0,10,0,FALLBACK,0.7959,0.100,1.1060,0,none
28.319,-1.01447,1.23485,0.73320,0,10,0,FALLBACK,0.6787,0.100,1.1064,0,none
28.367,-0.86816,0.97360,0.57219,0,10,0,FALLBACK,0.5397,0.100,1.1076,0,none
28.419,-0.70325,2.16688,0.32598,0,10,0,FALLBACK,0.3831,0.100,1.1095,0,none
28.468,-0.52448,2.97271,0.57128,0,10,0,FALLBACK,0.2133,0.100,1.1117,0,none
28.519,-0.33689,2.12816,0.32218,0,10,0,FALLBACK,0.0350,0.100,1.1140,0,none
28.571,-0.14583,0.72836,1.46502,0,10,0,FALLBACK,-0.1465,0.100,1.1159,0,none
28.617,0.04302,1.98201,0.36027,0,10,0,FALLBACK,-0.3259,0.100,1.1172,0,none
28.669,0.22375,2.34712,0.49051,0,10,0,FALLBACK,-0.4976,0.100,1.1177,0,none
28.719,0.39064,2.23685,0.51496,0,10,0,FALLBACK,-0.6561,0.100,1.1181,0,none
28.768,0.53888,1.64582,0.19350,1,10,1,FALLBACK,-0.7969,0.100,1.1157,0,none
28.821,0.66038,1.26114,0.21215,1,10,2,FALLBACK,-0.9124,0.100,1.1131,0,none
28.869,0.75169,1.37385,0.20903,1,10,3,FALLBACK,-0.9991,0.100,1.1112,0,none
28.919,0.81030,1.28880,0.18892,1,10,4,FALLBACK,-1.0000,0.100,1.1065,0,none
28.970,0.83238,1.36608,0.24108,1,10,5,FALLBACK,-1.0000,0.100,1.1034,0,none
29.021,0.82094,1.17720,0.15155,1,10,6,FALLBACK,-1.0000,0.100,1.1014,0,none
29.071,0.77680,1.01462,0.14690,1,10,7,FALLBACK,-1.0000,0.100,1.0995,0,none
29.121,0.70039,0.91106,0.13032,1,10,8,FALLBACK,-0.9504,0.100,1.0976,0,none
29.153,0.59238,0.65835,0.12443,1,10,9,FALLBACK,-0.8478,0.100,1.0963,0,none
29.202,0.45743,0.51505,0.19242,1,10,10,FALLBACK,-0.7196,0.100,1.0972,0,none
29.255,0.30082,0.15242,0.15543,1,10,11,FALLBACK,-0.5708,0.100,1.0989,0,none
29.305,0.12710,0.05551,0.11738,1,10,12,FALLBACK,-0.4057,0.100,1.1010,0,none
29.356,-0.05873,-0.34998,0.17232,1,10,13,FALLBACK,-0.2292,0.100,1.1034,0,none
29.404,-0.25140,-0.53259,0.10938,1,10,14,FALLBACK,-0.0462,0.100,1.1056,0,none
29.455,-0.44784,-0.81650,0.20494,1,10,15,FALLBACK,0.1405,0.100,1.1074,0,none
29.503,-0.64027,-0.90237,0.13893,1,10,16,FALLBACK,0.3233,0.100,1.1082,0,none
29.555,-0.82169,-1.20263,0.25577,1,10,17,FALLBACK,0.4956,0.100,1.1082,0,none
29.606,-0.98667,-1.38157,0.24933,1,10,18,FALLBACK,0.6523,0.100,1.1072,0,none
29.656,-1.12953,-1.33627,0.27540,1,10,19,FALLBACK,0.7881,0.100,1.1053,0,none
29.705,-1.24533,-1.29222,0.40297,0,10,0,FALLBACK,0.8981,0.100,1.1027,0,none
29.754,-1.33016,-1.17243,0.50313,0,10,0,FALLBACK,0.9787,0.100,1.0995,0,none
29.806,-1.38136,-1.69049,0.28269,1,10,1,FALLBACK,1.0000,0.100,1.0962,0,none
29.855,-1.39818,-1.86622,0.32664,0,10,0,FALLBACK,1.0000,0.100,1.0937,0,none
29.907,-1.38198,-1.57378,0.33310,0,10,0,FALLBACK,1.0000,0.100,1.0918,0,none
29.955,-1.33362,-0.55867,0.25212,1,10,1,FALLBACK,0.9819,0.100,1.0900,0,none
30.006,-1.25385,0.54159,0.30529,0,10,0,FALLBACK,0.9062,0.100,1.0887,0,none
30.056,-1.14400,-0.62357,0.33618,0,10,0,FALLBACK,0.8018,0.100,1.0880,0,none
30.107,-1.00948,-1.06073,0.21629,1,10,1,FALLBACK,0.6740,0.100,1.0896,0,none
30.157,-0.85507,-0.72751,0.32152,0,10,0,FALLBACK,0.5273,0.100,1.0915,1,none
30.207,-0.54235,-0.16384,0.32455,0,10,0,FALLBACK,0.2302,0.100,1.0942,1,none
30.256,-0.45536,-0.37960,0.16406,1,10,1,FALLBACK,0.1476,0.100,1.0966,1,none
30.307,-0.36928,-0.13536,0.16035,1,10,2,FALLBACK,0.0658,0.100,1.0996,1,none
30.357,-0.29229,-0.08183,0.17143,1,10,3,FALLBACK,-0.0073,0.100,1.0975,1,none
30.407,-0.16290,1.49298,0.39632,0,10,0,FALLBACK,-0.1302,0.100,1.1051,1,none
30.456,0.02707,1.37441,0.27252,1,10,1,FALLBACK,-0.3107,0.100,1.1098,1,none
30.507,0.20583,1.27396,0.22603,1,10,2,FALLBACK,-0.4805,0.100,1.1046,1,none
30.559,0.36641,1.27984,0.23448,1,10,3,FALLBACK,-0.6331,0.100,1.1031,1,none
30.608,0.50986,1.49311,0.28253,1,10,4,FALLBACK,-0.7694,0.100,1.1030,1,none
30.659,0.62786,1.74638,0.35165,0,10,0,FALLBACK,-0.8815,0.100,1.1008,1,none
30.708,0.71638,2.16017,0.35965,0,10,0,FALLBACK,-0.9656,0.100,1.0981,1,none
30.758,0.77224,2.23546,0.26702,1,10,1,FALLBACK,-1.0000,0.100,1.0951,1,none
30.809,0.79397,2.06759,0.26086,1,10,2,FALLBACK,-1.0000,0.100,1.0924,1,none
30.860,0.78225,1.37093,0.19555,1,10,3,FALLBACK,-1.0000,0.100,1.0904,1,none
30.908,0.73837,1.18268,0.23423,1,10,4,FALLBACK,-0.9865,0.100,1.0887,1,none
30.958,0.66296,0.78017,0.19036,1,10,5,FALLBACK,-0.9148,0.100,1.0872,1,none
31.009,0.55772,0.80787,0.17942,1,10,6,FALLBACK,-0.8148,0.100,1.0869,1,none
31.060,0.42682,0.49500,0.18195,1,10,7,FALLBACK,-0.6905,0.100,1.0877,1,none
31.108,0.27444,0.17976,0.13638,1,10,8,FALLBACK,-0.5457,0.100,1.0893,1,none
31.160,0.10506,-0.09019,0.10807,1,10,9,FALLBACK,-0.3848,0.100,1.0915,1,none
31.211,-0.07659,-0.33994,0.17304,1,10,10,FALLBACK,-0.2122,0.100,1.0939,1,none
31.258,-0.26548,-0.57170,0.25180,1,10,11,FALLBACK,-0.0328,0.100,1.0961,1,none
31.310,-0.45633,-0.92379,0.15166,1,10,12,FALLBACK,0.1485,0.100,1.0980,1,none
31.360,-0.64364,-1.07340,0.21011,1,10,13,FALLBACK,0.3265,0.100,1.0992,1,none
31.409,-0.82166,-1.03762,0.21936,1,10,14,FALLBACK,0.4956,0.100,1.0995,1,none
31.460,-0.98566,-1.27318,0.21461,1,10,15,FALLBACK,0.6514,0.100,1.0994,1,none
31.509,-1.12918,-1.44636,0.21385,1,10,16,FALLBACK,0.7877,0.100,1.0973,1,none
31.561,-1.24643,-1.33055,0.29445,0,10,0,FALLBACK,0.8991,0.100,1.0950,1,none
31.611,-1.33370,-1.51301,0.29367,0,10,0,FALLBACK,0.9820,0.100,1.0921,1,none
31.662,-1.38887,-1.46227,0.20919,1,10,1,FALLBACK,1.0000,0.100,1.0904,1,none
31.711,-1.41085,-1.21318,0.22284,1,10,2,FALLBACK,1.0000,0.100,1.0868,1,none
31.761,-1.39933,-1.20235,0.22411,1,10,3,FALLBACK,1.0000,0.100,1.0849,1,none
31.812,-1.35596,-1.19152,0.23864,1,10,4,FALLBACK,1.0000,0.100,1.0832,1,none
31.860,-1.28121,-0.70853,0.24163,1,10,5,FALLBACK,0.9322,0.100,1.0817,1,none
31.911,-1.17616,-0.73514,0.18054,1,10,6,FALLBACK,0.8324,0.100,1.0811,1,none
31.960,-1.04509,-0.66544,0.22179,1,10,7,FALLBACK,0.7078,0.100,1.0819,1,none
32.012,-0.89230,-0.28242,0.19706,1,10,8,FALLBACK,0.5627,0.100,1.0836,1,none
32.062,-0.72140,-0.48256,0.16313,1,10,9,FALLBACK,0.4003,0.100,1.0855,1,none
32.113,-0.53759,-0.18971,0.11197,1,10,10,FALLBACK,0.2257,0.100,1.0883,1,none
32.163,-0.34660,-0.05152,0.14358,1,10,11,FALLBACK,0.0443,0.100,1.0908,1,none
32.213,-0.15336,0.06817,0.10241,1,10,12,FALLBACK,-0.1393,0.100,1.0928,1,none
32.264,0.03666,0.36907,0.24749,1,10,13,FALLBACK,-0.3198,0.100,1.0942,1,none
32.313,0.21926,0.45052,0.18849,1,10,14,FALLBACK,-0.4933,0.100,1.0959,1,none
32.364,0.38898,0.65573,0.16285,1,10,15,FALLBACK,-0.6545,0.100,1.0944,1,none
32.415,0.53830,0.48838,0.16942,1,10,16,FALLBACK,-0.7964,0.100,1.0948,1,none
32.465,0.66364,0.68971,0.15553,1,10,17,FALLBACK,-0.9155,0.100,1.0909,1,none
32.512,0.75746,1.00353,0.20528,1,10,18,FALLBACK,-1.0000,0.100,1.0879,1,none
32.564,0.81796,1.03200,0.20086,1,10,19,FALLBACK,-1.0000,0.100,1.0846,1,none
32.615,0.84415,0.98358,0.22096,1,10,20,FALLBACK,-1.0000,0.100,1.0825,1,none
32.665,0.83835,0.83170,0.14909,1,10,21,FALLBACK,-1.0000,0.100,1.0809,1,none
32.715,0.80105,0.68452,0.16709,1,10,22,FALLBACK,-1.0000,0.100,1.0794,1,none
32.765,0.73255,0.57852,0.19429,1,10,23,FALLBACK,-0.9809,0.100,1.0779,1,none
32.815,0.63350,0.58958,0.15447,1,10,24,FALLBACK,-0.8868,0.100,1.0767,1,none
32.866,0.50609,0.32820,0.17094,1,10,25,FALLBACK,-0.7658,0.100,1.0769,1,none
32.917,0.35535,0.23322,0.11805,1,10,26,FALLBACK,-0.6226,0.100,1.0784,1,none
32.967,0.18483,-0.10503,0.08713,1,10,27,FALLBACK,-0.4606,0.100,1.0792,1,none
33.015,0.06804,-0.20729,0.14921,1,10,28,FALLBACK,-0.3496,0.100,1.0816,1,none
33.065,-0.22599,-0.62298,0.17120,1,10,29,FALLBACK,-0.0703,0.100,1.0844,1,none
33.116,-0.52525,-1.10961,0.26497,1,0,30,MODEL,0.7691,0.100,1.0864,1,none
33.165,-0.81643,-1.18517,0.25774,1,0,30,MODEL,0.8409,0.100,1.0754,1,none
33.219,-1.07012,-1.10040,0.21845,1,0,30,MODEL,0.7604,0.100,1.0701,1,none
33.270,-1.09263,-1.28571,0.29898,0,1,30,MODEL,0.7604,0.100,1.0702,1,none
33.315,-1.39461,-1.48938,0.34761,0,2,30,MODEL,0.7604,0.100,1.0709,1,none
33.367,-1.67959,-1.82707,0.24745,1,0,30,MODEL,1.0000,0.100,1.0712,1,none
33.418,-1.94582,-2.19446,0.22478,1,0,30,MODEL,1.0000,0.100,1.0687,1,none
33.467,-2.18103,-2.54113,0.32205,0,1,30,MODEL,1.0000,0.100,1.0646,1,none
33.516,-2.38836,-2.62628,0.33999,0,2,30,MODEL,1.0000,0.100,1.0633,1,none
33.569,-2.56824,-2.75628,0.33956,0,3,30,MODEL,1.0000,0.100,1.0621,1,none
33.619,-2.49861,-2.56944,0.27051,1,0,30,MODEL,1.0000,0.100,1.0609,1,none
33.668,-2.72499,-2.79767,0.32705,0,1,30,MODEL,1.0000,0.100,1.0597,1,none
33.719,-2.92489,-2.78979,0.40501,0,2,30,MODEL,1.0000,0.100,1.0585,1,none
33.767,-3.09734,-2.90896,0.40028,0,3,30,MODEL,1.0000,0.100,1.0574,1,none
33.819,-3.24155,-3.15433,0.47673,0,4,30,MODEL,1.0000,0.100,1.0563,1,none
33.866,-3.35689,-3.49333,0.43656,0,5,30,MODEL,1.0000,0.100,1.0552,1,none
33.917,-3.44284,-3.52408,0.59167,0,6,30,MODEL,1.0000,0.100,1.0541,1,none
33.969,-3.25912,-3.53084,0.47989,0,7,30,MODEL,1.0000,0.100,1.0531,1,none
34.019,-3.39652,-3.62205,0.57972,0,8,30,MODEL,1.0000,0.100,1.0521,1,none
34.067,-3.50512,-3.67088,0.62027,0,9,30,MODEL,1.0000,0.100,1.0510,1,none
34.119,-3.58448,-3.62463,0.50400,0,10,0,FALLBACK,1.0000,0.100,1.0501,1,none
34.167,-3.63427,-3.55069,0.52204,0,10,0,FALLBACK,1.0000,0.100,1.0491,1,none
34.219,-3.65433,-3.48386,0.52126,0,10,0,FALLBACK,1.0000,0.100,1.0481,1,none
34.271,-3.64463,-3.77932,0.53363,0,10,0,FALLBACK,1.0000,0.100,1.0472,1,none
34.318,-3.35152,-4.13857,0.61215,0,10,0,FALLBACK,1.0000,0.100,1.0463,1,none
34.370,-3.39539,-3.45595,0.64463,0,10,0,FALLBACK,1.0000,0.100,1.0453,1,none
34.419,-3.40971,-3.44690,0.39540,0,10,0,FALLBACK,1.0000,0.100,1.0445,1,none
34.453,-3.39447,-3.49596,0.67809,0,10,0,FALLBACK,1.0000,0.100,1.0436,1,none
34.504,-3.34985,-2.86560,0.52353,0,10,0,FALLBACK,1.0000,0.100,1.0427,1,none
34.553,-3.27612,-1.81197,0.73792,0,10,0,FALLBACK,1.0000,0.100,1.0419,1,none
34.604,-3.17373,-2.56474,0.76147,0,10,0,FALLBACK,1.0000,0.100,1.0411,1,none
34.653,-2.78916,-2.90921,0.37328,0,10,0,FALLBACK,1.0000,0.100,1.0402,1,none
34.704,-2.73965,-2.96628,0.58829,0,10,0,FALLBACK,1.0000,0.100,1.0394,1,none
34.753,-2.66126,-3.00040,0.48393,0,10,0,FALLBACK,1.0000,0.100,1.0387,1,none
34.805,-2.55447,-2.92743,0.50807,0,10,0,FALLBACK,1.0000,0.100,1.0379,1,none
34.856,-2.41987,-2.31365,0.47487,0,10,0,FALLBACK,1.0000,0.100,1.0371,1,none
34.904,-2.25815,-1.92273,0.34636,0,10,0,FALLBACK,1.0000,0.100,1.0364,1,none
34.955,-2.07021,-1.76518,0.30892,0,10,0,FALLBACK,1.0000,0.100,1.0357,1,none
35.005,-1.62496,-1.66172,0.25681,1,10,1,FALLBACK,1.0000,0.100,1.0349,1,none
35.054,-1.48654,-1.33570,0.26300,1,10,2,FALLBACK,1.0000,0.100,1.0342,1,none
35.107,-1.32129,-0.93519,0.17139,1,10,3,FALLBACK,0.9702,0.100,1.0335,1,none
35.157,-1.13011,-0.72191,0.14046,1,10,4,FALLBACK,0.7886,0.100,1.0332,1,none
35.205,-0.91538,-0.56818,0.15593,1,10,5,FALLBACK,0.5846,0.100,1.0345,1,none
35.256,-0.68690,-0.11227,0.14542,1,10,6,FALLBACK,0.3676,0.100,1.0387,1,none
35.306,-0.45082,0.12342,0.10808,1,10,7,FALLBACK,0.1433,0.100,1.0421,1,none
35.357,-0.05085,0.60690,0.14471,1,10,8,FALLBACK,-0.2367,0.100,1.0450,1,none
35.406,0.08715,0.77409,0.12171,1,10,9,FALLBACK,-0.3678,0.100,1.0463,1,none
35.457,0.21098,0.80534,0.12505,1,10,10,FALLBACK,-0.4854,0.100,1.0468,1,none
35.507,0.31817,0.68049,0.12518,1,10,11,FALLBACK,-0.5873,0.100,1.0469,1,none
35.557,0.40731,0.80473,0.12574,1,10,12,FALLBACK,-0.6719,0.100,1.0473,1,none
35.608,0.47597,0.74676,0.12812,1,10,13,FALLBACK,-0.7372,0.100,1.0473,1,none
35.657,0.54874,0.51554,0.12977,1,10,14,FALLBACK,-0.8063,0.100,1.0472,1,none
35.706,0.45765,0.34998,0.15702,1,10,15,FALLBACK,-0.7198,0.100,1.0466,1,none
35.757,0.34216,0.14602,0.12049,1,10,16,FALLBACK,-0.6101,0.100,1.0476,1,none
35.809,0.20850,0.09128,0.13314,1,10,17,FALLBACK,-0.4831,0.100,1.0498,1,none
35.858,0.06004,0.18519,0.13520,1,10,18,FALLBACK,-0.3420,0.100,1.0521,1,none
35.907,-0.09882,-0.00853,0.13968,1,10,19,FALLBACK,-0.1911,0.100,1.0549,1,none
35.956,-0.26331,-0.00986,0.20308,1,10,20,FALLBACK,-0.0349,0.100,1.0575,1,none
36.008,-0.42930,-0.39584,0.20842,1,10,21,FALLBACK,0.1228,0.100,1.0597,1,none
36.059,-0.59225,-0.90078,0.15751,1,10,22,FALLBACK,0.2776,0.100,1.0614,1,none
36.110,-0.74744,-0.86917,0.14562,1,10,23,FALLBACK,0.4251,0.100,1.0625,1,none
36.159,-0.89008,-1.06470,0.17721,1,10,24,FALLBACK,0.5606,0.100,1.0630,1,none
36.210,-1.01653,-1.06403,0.18992,1,10,25,FALLBACK,0.6807,0.100,1.0632,1,none
36.259,-1.12199,-1.08637,0.23917,1,10,26,FALLBACK,0.7809,0.100,1.0620,1,none
36.309,-1.20315,-1.04597,0.22467,1,10,27,FALLBACK,0.8580,0.100,1.0613,1,none
36.360,-1.25723,-1.02834,0.26671,1,10,28,FALLBACK,0.9094,0.100,1.0595,1,none
36.409,-1.28253,-0.67082,0.17818,1,10,29,FALLBACK,0.9334,0.100,1.0584,1,none
36.458,-1.27846,-0.74185,0.22148,1,0,30,MODEL,0.4198,0.100,1.0570,1,none
36.509,-1.24980,-0.48899,0.58946,0,1,30,MODEL,0.4198,0.100,1.0580,1,none
36.558,-1.21961,2.26266,0.38359,0,2,30,MODEL,0.4198,0.100,1.0623,1,none
36.608,-1.17813,1.97740,0.22324,1,0,30,MODEL,-1.0000,0.100,1.0641,1,none
36.659,-1.13034,1.58833,0.25041,1,0,30,MODEL,-1.0000,0.100,1.0474,1,none
36.709,-1.13748,1.77741,0.62455,0,1,30,MODEL,-1.0000,0.100,1.0296,1,none
36.760,-1.18224,0.43229,0.49998,0,2,30,MODEL,-1.0000,0.100,1.0284,1,none
36.811,-1.25506,0.19169,0.47472,0,3,30,MODEL,-1.0000,0.100,1.0278,1,none
36.858,-1.35569,0.04077,0.28872,0,4,30,MODEL,-1.0000,0.100,1.0272,1,none
36.908,-1.48367,-0.98267,0.42120,0,5,30,MODEL,-1.0000,0.100,1.0267,1,none
36.961,-1.63833,-1.36788,0.58242,0,6,30,MODEL,-1.0000,0.100,1.0261,1,none
37.009,-1.81889,1.38489,0.55810,0,7,30,MODEL,-1.0000,0.100,1.0256,1,none
37.060,-2.02443,-1.08509,1.05859,0,8,30,MODEL,-1.0000,0.100,1.0251,1,none
37.111,-2.25394,-2.48046,0.30394,0,9,30,MODEL,-1.0000,0.100,1.0246,1,none
37.160,-2.50626,-2.64418,0.38374,0,10,0,FALLBACK,1.0000,0.100,1.0241,1,none
37.210,-2.77454,-3.06836,0.46390,0,10,0,FALLBACK,1.0000,0.100,1.0068,1,none
37.259,-2.99495,-3.34478,0.44663,0,10,0,FALLBACK,1.0000,0.100,0.9754,1,none
37.311,-3.17251,-3.53202,0.43728,0,10,0,FALLBACK,1.0000,0.100,0.9732,1,none
37.359,-3.32670,-3.57470,0.47624,0,10,0,FALLBACK,1.0000,0.100,0.9735,1,none
37.411,-3.45717,-3.43545,0.45810,0,10,0,FALLBACK,1.0000,0.100,0.9739,1,none
37.461,-3.56321,-3.73069,0.59701,0,10,0,FALLBACK,1.0000,0.100,0.9742,1,none
37.510,-3.64433,-3.92352,0.67785,0,10,0,FALLBACK,1.0000,0.100,0.9746,1,none
37.560,-3.70015,-4.12835,0.75179,0,10,0,FALLBACK,1.0000,0.100,0.9749,1,none
37.613,-3.73039,-4.12500,0.51814,0,10,0,FALLBACK,1.0000,0.100,0.9752,1,none
37.663,-3.73490,-3.21017,1.36766,0,10,0,FALLBACK,1.0000,0.100,0.9756,1,none
37.711,-3.71363,-3.92159,0.92352,0,10,0,FALLBACK,1.0000,0.100,0.9759,1,none
37.762,-3.66663,-3.57964,0.88044,0,10,0,FALLBACK,1.0000,0.100,0.9762,1,none
37.811,-3.59412,-3.37549,0.64814,0,10,0,FALLBACK,1.0000,0.100,0.9765,1,none
37.863,-3.49635,-2.93212,0.66819,0,10,0,FALLBACK,1.0000,0.100,0.9768,1,none
37.915,-3.37376,-2.20095,0.84693,0,10,0,FALLBACK,1.0000,0.100,0.9771,1,none
37.963,-3.22686,-1.79814,0.38179,0,10,0,FALLBACK,1.0000,0.100,0.9774,1,none
38.012,-3.05627,-1.52030,0.29722,0,10,0,FALLBACK,1.0000,0.100,0.9777,1,none
38.064,-2.86271,-1.68522,0.31856,0,10,0,FALLBACK,1.0000,0.100,0.9780,1,none
38.112,-2.64704,-1.69761,0.35786,0,10,0,FALLBACK,1.0000,0.100,0.9783,1,none
38.165,-2.41017,-1.40918,0.34529,0,10,0,FALLBACK,1.0000,0.100,0.9785,1,none
38.213,-2.15316,-0.88025,0.20744,1,10,1,FALLBACK,1.0000,0.100,0.9788,1,none
38.265,-1.87709,-0.06863,0.27678,1,10,2,FALLBACK,1.0000,0.100,0.9791,1,none
38.315,-1.58319,0.76797,0.13515,1,10,3,FALLBACK,1.0000,0.100,0.9793,1,none
38.367,-1.27274,-0.03964,0.19763,1,10,4,FALLBACK,0.9241,0.100,0.9796,1,none
38.418,-0.94709,0.07752,0.08115,1,10,5,FALLBACK,0.6147,0.100,0.9798,1,none
38.466,-0.60808,0.42201,0.23553,1,10,6,FALLBACK,0.2927,0.100,0.9814,1,none
38.513,-0.26223,0.82849,0.27111,1,10,7,FALLBACK,-0.0359,0.100,0.9867,1,none
38.565,0.08845,1.41739,0.26901,1,10,8,FALLBACK,-0.3690,0.100,0.9905,1,none
38.615,0.43292,0.63870,0.15249,1,10,9,FALLBACK,-0.6963,0.100,0.9896,1,none
38.665,0.86305,1.07269,0.24146,1,10,10,FALLBACK,-1.0000,0.100,0.9876,1,none
38.714,1.13240,1.38934,0.35435,0,10,0,FALLBACK,-1.0000,0.100,0.9885,1,none
38.765,1.37626,2.56452,0.51217,0,10,0,FALLBACK,-1.0000,0.100,0.9828,1,none
38.813,1.59595,3.27676,0.42504,0,10,0,FALLBACK,-1.0000,0.100,0.9828,1,none
38.865,1.79361,3.23329,0.49456,0,10,0,FALLBACK,-1.0000,0.100,0.9830,1,none
38.915,1.96832,3.51706,0.55246,0,10,0,FALLBACK,-1.0000,0.100,0.9833,1,none
38.963,2.18382,3.66273,0.48088,0,10,0,FALLBACK,-1.0000,0.100,0.9846,1,none
39.015,2.24408,3.48134,0.65267,0,10,0,FALLBACK,-1.0000,0.100,0.9842,1,none
39.064,2.27993,-0.39611,1.37959,0,10,0,FALLBACK,-1.0000,0.100,0.9846,1,none
39.116,2.28968,-2.96063,0.61047,0,10,0,FALLBACK,-1.0000,0.100,0.9849,1,none
39.167,2.33057,-2.33159,0.48053,0,10,0,FALLBACK,-1.0000,0.100,0.9837,1,none
39.214,2.21923,-1.42915,1.24953,0,10,0,FALLBACK,-1.0000,0.100,0.9863,1,none
39.266,2.08357,-2.36895,0.75157,0,10,0,FALLBACK,-1.0000,0.100,0.9861,1,none
39.316,1.92380,-1.45382,0.81652,0,10,0,FALLBACK,-1.0000,0.100,0.9864,1,none
39.367,1.74024,0.98908,0.21182,1,10,1,FALLBACK,-1.0000,0.100,0.9865,1,none
39.418,1.57721,0.79773,0.17175,1,10,2,FALLBACK,-1.0000,0.100,0.9867,1,none
39.467,1.29653,0.53829,0.17810,1,10,3,FALLBACK,-1.0000,0.100,0.9868,1,none
39.517,0.99796,0.24592,0.20566,1,10,4,FALLBACK,-1.0000,0.100,0.9870,1,none
39.567,0.68283,-0.14178,0.14594,1,10,5,FALLBACK,-0.9337,0.100,0.9871,1,none
39.618,0.35257,-0.91139,0.27242,1,10,6,FALLBACK,-0.6199,0.100,0.9879,1,none
39.669,0.00991,-0.92598,0.20385,1,10,7,FALLBACK,-0.2944,0.100,0.9909,1,none
39.718,-0.20487,-0.92903,0.18912,1,10,8,FALLBACK,-0.0904,0.100,0.9952,1,none
39.769,-0.58256,-1.51811,0.51914,0,10,0,FALLBACK,0.2684,0.100,0.9984,1,none
39.817,-0.96070,0.59649,1.42626,0,10,0,FALLBACK,0.6277,0.100,1.0000,1,none
39.871,-1.33265,-2.80659,0.38239,0,10,0,FALLBACK,0.9810,0.100,0.9986,1,none
39.920,-1.69286,-3.35444,0.71764,0,10,0,FALLBACK,1.0000,0.100,0.9977,1,none
39.969,-2.03521,-3.61510,0.67582,0,10,0,FALLBACK,1.0000,0.100,0.9907,1,none
40.018,-2.36029,-2.57725,0.56272,0,10,0,FALLBACK,1.0000,0.100,0.9901,1,none
40.070,-2.66941,-3.01406,0.78475,0,10,0,FALLBACK,1.0000,0.100,0.9902,1,none
40.119,-2.96133,-4.54388,1.03173,0,10,0,FALLBACK,1.0000,0.100,0.9903,1,none
40.170,-3.23471,-4.67858,0.94652,0,10,0,FALLBACK,1.0000,0.100,0.9903,1,none
40.219,-3.31607,-4.40413,0.71992,0,10,0,FALLBACK,1.0000,0.100,0.9904,1,none
40.254,-3.60073,-2.38510,1.46842,0,10,0,FALLBACK,1.0000,0.100,0.9905,1,none
40.303,-3.86632,-1.78093,1.74273,0,10,0,FALLBACK,1.0000,0.100,0.9905,1,none
40.355,-4.11166,-0.52895,2.02273,0,10,0,FALLBACK,1.0000,0.100,0.9906,1,none
40.406,-4.33562,-1.68839,1.87443,0,10,0,FALLBACK,1.0000,0.100,0.9907,1,none
40.457,-4.53716,-4.28921,0.77575,0,10,0,FALLBACK,1.0000,0.100,0.9908,1,none
40.506,-4.71541,0.87603,2.22451,0,10,0,FALLBACK,1.0000,0.100,0.9908,1,none
40.554,-4.86954,-1.12184,2.76508,0,10,0,FALLBACK,1.0000,0.100,0.9909,1,none
40.605,-4.99886,0.89235,2.33796,0,10,0,FALLBACK,1.0000,0.100,0.9909,1,none
40.655,-4.97910,3.26157,1.06849,0,10,0,FALLBACK,1.0000,0.100,0.9910,1,none
40.707,-5.12328,1.48809,2.12973,0,10,0,FALLBACK,1.0000,0.100,0.9911,1,none
40.757,-5.24237,-2.65005,1.16671,0,10,0,FALLBACK,1.0000,0.100,0.9911,1,none
40.805,-5.33585,-3.12850,0.80149,0,10,0,FALLBACK,1.0000,0.100,0.9912,1,none
40.856,-5.40326,-4.08548,0.75256,0,10,0,FALLBACK,1.0000,0.100,0.9912,1,none
40.906,-5.44431,-4.27734,0.89037,0,10,0,FALLBACK,1.0000,0.100,0.9913,1,none
40.958,-5.45881,-3.62640,0.74686,0,10,0,FALLBACK,1.0000,0.100,0.9914,1,none
41.006,-5.44668,-4.33494,0.85424,0,10,0,FALLBACK,1.0000,0.100,0.9914,1,none
41.058,-5.40798,-5.23039,1.00983,0,10,0,FALLBACK,1.0000,0.100,0.9915,1,none
41.106,-5.34288,-5.70349,1.21417,0,10,0,FALLBACK,1.0000,0.100,0.9915,1,none
41.156,-5.25167,-5.49761,1.23674,0,10,0,FALLBACK,1.0000,0.100,0.9916,1,none
41.209,-5.13475,-5.57411,0.86967,0,10,0,FALLBACK,1.0000,0.100,0.9916,1,none
41.256,-4.99264,-5.53709,1.09906,0,10,0,FALLBACK,1.0000,0.100,0.9917,1,none
41.306,-4.82602,-6.06227,1.13553,0,10,0,FALLBACK,1.0000,0.100,0.9917,1,none
41.357,-4.63561,-5.45251,1.01179,0,10,0,FALLBACK,1.0000,0.100,0.9918,1,none
41.407,-4.42226,-6.08924,1.20619,0,10,0,FALLBACK,1.0000,0.100,0.9918,1,none
41.457,-4.18695,-6.31332,1.23302,0,10,0,FALLBACK,1.0000,0.100,0.9919,1,none
41.506,-3.93074,-5.28562,1.02698,0,10,0,FALLBACK,1.0000,0.100,0.9919,1,none
41.559,-3.69162,-3.64129,0.93986,0,10,0,FALLBACK,1.0000,0.100,0.9920,1,none
41.609,-3.37523,-2.14457,0.51357,0,10,0,FALLBACK,1.0000,0.100,0.9920,1,none
41.659,-3.04350,-1.11423,1.14300,0,10,0,FALLBACK,1.0000,0.100,0.9920,1,none
41.706,-2.69796,1.70613,0.76541,0,10,0,FALLBACK,1.0000,0.100,0.9921,1,none
41.758,-2.34018,-0.91908,0.68216,0,10,0,FALLBACK,1.0000,0.100,0.9921,1,none
41.808,-1.97177,-1.31315,0.33065,0,10,0,FALLBACK,1.0000,0.100,0.9922,1,none
41.856,-1.59439,-0.96212,0.22471,1,10,1,FALLBACK,1.0000,0.100,0.9922,1,none
41.911,-1.20976,-0.91229,0.71058,0,10,0,FALLBACK,0.8643,0.100,0.9922,1,none
41.957,-0.81956,-0.22518,0.45420,0,10,0,FALLBACK,0.4936,0.100,0.9934,1,none
42.010,-0.42537,0.08784,0.20525,1,10,1,FALLBACK,0.1191,0.100,0.9971,1,none
42.060,-0.10802,0.91918,0.19626,1,10,2,FALLBACK,-0.1824,0.100,1.0015,1,none
42.109,0.29258,0.61290,0.22331,1,10,3,FALLBACK,-0.5629,0.100,1.0037,1,none
42.162,0.69206,1.57706,0.30531,0,10,0,FALLBACK,-0.9425,0.100,1.0010,1,none
42.209,1.08713,1.58662,0.15994,1,10,1,FALLBACK,-1.0000,0.100,0.9985,1,none
42.260,1.47225,1.01815,0.64121,0,10,0,FALLBACK,-1.0000,0.100,0.9941,1,none
42.309,1.84813,0.59494,0.91506,0,10,0,FALLBACK,-1.0000,0.100,0.9937,1,none
42.358,2.22077,1.20390,0.49584,0,10,0,FALLBACK,-1.0000,0.100,0.9968,1,none
42.412,2.57585,2.40280,0.51331,0,10,0,FALLBACK,-1.0000,0.100,0.9959,1,none
42.459,2.91731,3.66904,0.79693,0,10,0,FALLBACK,-1.0000,0.100,0.9957,1,none
42.511,3.24554,3.85319,0.65182,0,10,0,FALLBACK,-1.0000,0.100,0.9954,1,none
42.561,3.55795,2.49531,0.38427,0,10,0,FALLBACK,-1.0000,0.100,0.9940,1,none
42.611,3.85209,2.23992,0.36020,0,10,0,FALLBACK,-1.0000,0.100,0.9948,1,none
42.659,4.12232,3.35906,0.58593,0,10,0,FALLBACK,-1.0000,0.100,0.9966,1,none
42.711,4.37683,4.00018,0.63725,0,10,0,FALLBACK,-1.0000,0.100,0.9986,1,none
42.762,4.56229,3.15455,0.58686,0,10,0,FALLBACK,-1.0000,0.100,0.9967,1,none
42.810,4.80528,1.68207,1.35474,0,10,0,FALLBACK,-1.0000,0.100,0.9967,1,none
42.861,5.02637,2.99786,0.49537,0,10,0,FALLBACK,-1.0000,0.100,0.9967,1,none
42.911,5.22465,2.67776,0.56520,0,10,0,FALLBACK,-1.0000,0.100,0.9967,1,none
42.962,5.39917,2.86531,0.55623,0,10,0,FALLBACK,-1.0000,0.100,0.9967,1,none
43.011,5.54917,2.25538,0.73849,0,10,0,FALLBACK,-1.0000,0.100,0.9966,1,none
43.062,5.67396,1.71420,1.25858,0,10,0,FALLBACK,-1.0000,0.100,0.9966,1,none
43.110,5.72459,-3.14163,1.36326,0,10,0,FALLBACK,-1.0000,0.100,0.9966,1,none
43.161,5.83118,1.86017,1.31935,0,10,0,FALLBACK,-1.0000,0.100,0.9966,1,none
43.212,5.91165,2.65353,0.44725,0,10,0,FALLBACK,-1.0000,0.100,0.9966,1,none
