time_s,frame,cte_true,cte_pred,u_de,certified,fail_count,pass_count,mode,steer,throttle,speed,lap,hit
0.000,0,0.00282,0.17455,0.64406,0,1,0,MODEL,0.0000,0.100,0.0000,0,none
0.061,1,0.00282,0.16795,0.64344,0,2,0,MODEL,0.0000,0.100,0.0000,0,none
0.078,2,0.00282,0.16795,0.64344,0,3,0,MODEL,0.0000,0.100,0.0000,0,none
0.114,3,0.00288,0.13426,0.64735,0,4,0,MODEL,0.0000,0.100,0.0075,0,none
0.164,4,0.00296,0.15765,0.60805,0,5,0,MODEL,0.0000,0.100,0.0225,0,none
0.214,5,0.00323,0.02885,0.71864,0,6,0,MODEL,0.0000,0.100,0.0334,0,none
0.264,6,0.00323,0.19926,0.70925,0,7,0,MODEL,0.0000,0.100,0.0476,0,none
0.316,7,0.00346,0.12284,0.75011,0,8,0,MODEL,0.0000,0.100,0.0564,0,none
0.366,8,0.00368,0.23161,0.64582,0,9,0,MODEL,0.0000,0.100,0.0759,0,none
0.413,9,0.00393,0.47168,0.68513,0,10,0,FALLBACK,-1.0000,0.100,0.0829,0,none
0.465,10,0.00260,0.10130,0.52303,0,10,0,FALLBACK,-1.0000,0.100,0.0953,0,none
0.514,11,-0.00287,0.07170,0.58233,0,10,0,FALLBACK,-1.0000,0.100,0.1063,0,none
0.567,12,-0.00914,-0.00713,0.42999,0,10,0,FALLBACK,-1.0000,0.100,0.1169,0,none
0.616,13,-0.01645,-0.07013,0.36323,0,10,0,FALLBACK,-1.0000,0.100,0.1283,0,none
0.667,14,-0.02488,-0.01254,0.34199,0,10,0,FALLBACK,-1.0000,0.100,0.1393,0,none
0.717,15,-0.02826,-0.10740,0.32724,0,10,0,FALLBACK,-1.0000,0.100,0.1608,0,none
0.766,16,-0.04163,-0.08636,0.31882,0,10,0,FALLBACK,-1.0000,0.100,0.1689,0,none
0.817,17,-0.06007,-0.08131,0.29474,0,10,0,FALLBACK,-1.0000,0.100,0.1711,0,none
0.867,18,-0.07173,-0.00567,0.23693,0,10,0,FALLBACK,-1.0000,0.100,0.1822,0,none
0.917,19,-0.08771,-0.04806,0.29960,0,10,0,FALLBACK,-0.9816,0.100,0.1926,0,none
0.968,20,-0.10545,-0.04196,0.28919,0,10,0,FALLBACK,-0.8840,0.100,0.2028,0,none
1.017,21,-0.12474,-0.04199,0.26833,0,10,0,FALLBACK,-0.7799,0.100,0.2133,0,none
1.066,22,-0.14494,-0.10321,0.30102,0,10,0,FALLBACK,-0.6743,0.100,0.2238,0,none
1.117,23,-0.16542,-0.09341,0.27170,0,10,0,FALLBACK,-0.5705,0.100,0.2345,0,none
1.166,24,-0.18702,-0.07284,0.23744,0,10,0,FALLBACK,-0.4569,0.100,0.2450,0,none
1.218,25,-0.20919,-0.05015,0.25351,0,10,0,FALLBACK,-0.3432,0.100,0.2555,0,none
1.267,26,-0.23757,-0.10175,0.26136,0,10,0,FALLBACK,-0.1702,0.100,0.2656,0,none
1.317,27,-0.25974,-0.15545,0.30132,0,10,0,FALLBACK,-0.0905,0.100,0.2761,0,none
1.366,28,-0.27472,-0.14305,0.23497,0,10,0,FALLBACK,-0.0515,0.100,0.2858,0,none
1.416,29,-0.29548,-0.21590,0.27764,0,10,0,FALLBACK,0.0812,0.100,0.2964,0,none
1.468,30,-0.31672,-0.20155,0.24407,0,10,0,FALLBACK,0.1898,0.100,0.3060,0,none
1.518,31,-0.33641,-0.22803,0.23949,0,10,0,FALLBACK,0.2805,0.100,0.3156,0,none
1.568,32,-0.34711,-0.20531,0.24945,0,10,0,FALLBACK,0.2890,0.100,0.3266,0,none
1.619,33,-0.36529,-0.20916,0.27354,0,10,0,FALLBACK,0.4173,0.100,0.3348,0,none
1.669,34,-0.38665,-0.26849,0.30883,0,10,0,FALLBACK,0.5401,0.100,0.3445,0,none
1.719,35,-0.39851,-0.28289,0.34510,0,10,0,FALLBACK,0.5519,0.100,0.3527,0,none
1.767,36,-0.40761,-0.35019,0.35440,0,10,0,FALLBACK,0.5835,0.100,0.3619,0,none
1.819,37,-0.41471,-0.29107,0.34706,0,10,0,FALLBACK,0.6090,0.100,0.3709,0,none
1.869,38,-0.42126,-0.37637,0.33433,0,10,0,FALLBACK,0.6391,0.100,0.3837,0,none
1.918,39,-0.42392,-0.30692,0.25035,0,10,0,FALLBACK,0.6328,0.100,0.3913,0,none
1.966,40,-0.41993,-0.27283,0.23376,0,10,0,FALLBACK,0.5798,0.100,0.3972,0,none
2.018,41,-0.41610,-0.20728,0.21262,0,10,0,FALLBACK,0.5613,0.100,0.4062,0,none
2.069,42,-0.41036,-0.26772,0.26191,0,10,0,FALLBACK,0.5231,0.100,0.4149,0,none
2.119,43,-0.40229,-0.20515,0.24910,0,10,0,FALLBACK,0.4711,0.100,0.4236,0,none
2.169,44,-0.39230,-0.24691,0.28444,0,10,0,FALLBACK,0.4116,0.100,0.4323,0,none
2.220,45,-0.38080,-0.17484,0.22407,0,10,0,FALLBACK,0.3465,0.100,0.4409,0,none
2.271,46,-0.36815,-0.14624,0.21324,0,10,0,FALLBACK,0.2775,0.100,0.4494,0,none
2.320,47,-0.35473,-0.10924,0.21074,0,10,0,FALLBACK,0.2066,0.100,0.4579,0,none
2.370,48,-0.34097,-0.10132,0.19503,0,10,0,FALLBACK,0.1361,0.100,0.4662,0,none
2.418,49,-0.32728,-0.12208,0.20978,0,10,0,FALLBACK,0.0680,0.100,0.4744,0,none
2.471,50,-0.31406,-0.06470,0.20165,0,10,0,FALLBACK,0.0042,0.100,0.4825,0,none
2.523,51,-0.30170,-0.08573,0.21290,0,10,0,FALLBACK,-0.0533,0.100,0.4905,0,none
2.570,52,-0.29054,-0.11687,0.20993,0,10,0,FALLBACK,-0.1031,0.100,0.4984,0,none
2.620,53,-0.28086,-0.11192,0.21641,0,10,0,FALLBACK,-0.1441,0.100,0.5062,0,none
2.672,54,-0.27290,-0.17120,0.23752,0,10,0,FALLBACK,-0.1753,0.100,0.5139,0,none
2.721,55,-0.26680,-0.20143,0.23737,0,10,0,FALLBACK,-0.1965,0.100,0.5215,0,none
2.770,56,-0.26264,-0.15169,0.21461,0,10,0,FALLBACK,-0.2076,0.100,0.5291,0,none
2.821,57,-0.26043,-0.14379,0.21644,0,10,0,FALLBACK,-0.2090,0.100,0.5365,0,none
2.870,58,-0.26006,-0.11301,0.20034,0,10,0,FALLBACK,-0.2015,0.100,0.5440,0,none
2.922,59,-0.26142,-0.10674,0.19940,0,10,0,FALLBACK,-0.1861,0.100,0.5513,0,none
2.972,60,-0.26427,-0.07773,0.18656,1,10,0,FALLBACK,-0.1643,0.100,0.5586,0,none
3.021,61,-0.26837,-0.06632,0.19928,0,10,0,FALLBACK,-0.1377,0.100,0.5658,0,none
3.069,62,-0.27341,-0.08077,0.19746,0,10,0,FALLBACK,-0.1077,0.100,0.5730,0,none
3.121,63,-0.27908,-0.05851,0.19244,0,10,0,FALLBACK,-0.0762,0.100,0.5801,0,none
3.172,64,-0.28506,-0.12216,0.23003,0,10,0,FALLBACK,-0.0448,0.100,0.5871,0,none
3.221,65,-0.29103,-0.08713,0.19754,0,10,0,FALLBACK,-0.0150,0.100,0.5941,0,none
3.271,66,-0.29670,-0.13742,0.22380,0,10,0,FALLBACK,0.0119,0.100,0.6009,0,none
3.319,67,-0.30183,-0.11389,0.21611,0,10,0,FALLBACK,0.0347,0.100,0.6077,0,none
3.370,68,-0.30619,-0.12081,0.23786,0,10,0,FALLBACK,0.0528,0.100,0.6144,0,none
3.420,69,-0.30965,-0.12134,0.24176,0,10,0,FALLBACK,0.0656,0.100,0.6211,0,none
3.471,70,-0.31204,-0.13320,0.24571,0,10,0,FALLBACK,0.0721,0.100,0.6287,0,none
3.522,71,-0.31366,-0.13542,0.22769,0,10,0,FALLBACK,0.0764,0.100,0.6344,0,none
3.573,72,-0.31425,-0.20557,0.25175,0,10,0,FALLBACK,0.0742,0.100,0.6404,0,none
3.623,73,-0.31391,-0.11379,0.21660,0,10,0,FALLBACK,0.0678,0.100,0.6471,0,none
3.673,74,-0.31277,-0.11684,0.24586,0,10,0,FALLBACK,0.0582,0.100,0.6532,0,none
3.723,75,-0.31102,-0.11171,0.21128,0,10,0,FALLBACK,0.0463,0.100,0.6596,0,none
3.773,76,-0.30883,-0.08926,0.21368,0,10,0,FALLBACK,0.0332,0.100,0.6657,0,none
3.822,77,-0.30639,-0.08188,0.20384,0,10,0,FALLBACK,0.0198,0.100,0.6719,0,none
3.871,78,-0.30390,-0.06843,0.20387,0,10,0,FALLBACK,0.0070,0.100,0.6779,0,none
3.922,79,-0.30150,-0.05413,0.19835,0,10,0,FALLBACK,-0.0045,0.100,0.6839,0,none
3.974,80,-0.29935,-0.03765,0.19641,0,10,0,FALLBACK,-0.0140,0.100,0.6899,0,none
4.021,81,-0.29756,-0.03193,0.19630,0,10,0,FALLBACK,-0.0212,0.100,0.6958,0,none
4.072,82,-0.29620,-0.04319,0.18269,1,10,0,FALLBACK,-0.0258,0.100,0.7016,0,none
4.123,83,-0.29530,-0.06696,0.19234,0,10,0,FALLBACK,-0.0280,0.100,0.7073,0,none
4.172,84,-0.29487,-0.04273,0.17260,1,10,0,FALLBACK,-0.0278,0.100,0.7130,0,none
4.223,85,-0.29488,-0.05385,0.16824,1,10,0,FALLBACK,-0.0255,0.100,0.7187,0,none
4.274,86,-0.29527,-0.06134,0.18065,1,10,0,FALLBACK,-0.0218,0.100,0.7243,0,none
4.324,87,-0.29594,-0.03130,0.15104,1,10,0,FALLBACK,-0.0169,0.100,0.7298,0,none
4.372,88,-0.29681,-0.03815,0.16145,1,10,0,FALLBACK,-0.0116,0.100,0.7353,0,none
4.424,89,-0.29780,-0.04356,0.17221,1,10,0,FALLBACK,-0.0061,0.100,0.7407,0,none
4.472,90,-0.29879,-0.07245,0.16688,1,10,0,FALLBACK,-0.0011,0.100,0.7460,0,none
4.523,91,-0.29971,-0.06791,0.16862,1,10,0,FALLBACK,0.0032,0.100,0.7514,0,none
4.574,92,-0.30051,-0.11919,0.20081,0,10,0,FALLBACK,0.0065,0.100,0.7566,0,none
4.624,93,-0.30112,-0.11271,0.18403,1,10,0,FALLBACK,0.0087,0.100,0.7618,0,none
4.671,94,-0.30154,-0.12081,0.18770,1,10,0,FALLBACK,0.0098,0.100,0.7670,0,none
4.723,95,-0.30174,-0.08049,0.18146,1,10,0,FALLBACK,0.0097,0.100,0.7721,0,none
4.773,96,-0.30176,-0.07338,0.18580,1,10,0,FALLBACK,0.0089,0.100,0.7771,0,none
4.823,97,-0.30160,-0.05756,0.18664,1,10,0,FALLBACK,0.0072,0.100,0.7821,0,none
4.873,98,-0.30130,-0.04424,0.19744,0,10,0,FALLBACK,0.0050,0.100,0.7870,0,none
4.970,99,-0.30087,-0.06092,0.21721,0,10,0,FALLBACK,0.0022,0.100,0.7919,0,none
5.038,100,-0.29968,-0.05330,0.22198,0,10,0,FALLBACK,-0.0076,0.100,0.8016,0,none
5.074,101,-0.29899,-0.05434,0.20320,0,10,0,FALLBACK,-0.0085,0.100,0.8063,0,none
5.125,102,-0.29871,-0.05419,0.20139,0,10,0,FALLBACK,-0.0078,0.100,0.8110,0,none
5.175,103,-0.29864,-0.05414,0.21202,0,10,0,FALLBACK,-0.0072,0.100,0.8157,0,none
5.225,104,-0.29868,-0.07535,0.22034,0,10,0,FALLBACK,-0.0064,0.100,0.8203,0,none
5.275,105,-0.29882,-0.06781,0.20488,0,10,0,FALLBACK,-0.0052,0.100,0.8248,0,none
5.323,106,-0.29905,-0.04620,0.20930,0,10,0,FALLBACK,-0.0037,0.100,0.8293,0,none
5.373,107,-0.29931,-0.06690,0.21436,0,10,0,FALLBACK,-0.0021,0.100,0.8338,0,none
5.426,108,-0.29959,-0.10832,0.22985,0,10,0,FALLBACK,-0.0007,0.100,0.8382,0,none
5.477,109,-0.29985,-0.13537,0.24926,0,10,0,FALLBACK,0.0006,0.100,0.8426,0,none
5.524,110,-0.30007,-0.09689,0.27844,0,10,0,FALLBACK,0.0014,0.100,0.8469,0,none
5.574,111,-0.30022,-0.05388,0.29444,0,10,0,FALLBACK,0.0019,0.100,0.8512,0,none
5.623,112,-0.30032,0.02005,0.30226,0,10,0,FALLBACK,0.0021,0.100,0.8555,0,none
5.675,113,-0.30036,0.01130,0.27492,0,10,0,FALLBACK,0.0020,0.100,0.8597,0,none
5.725,114,-0.30034,-0.01530,0.35725,0,10,0,FALLBACK,0.0016,0.100,0.8638,0,none
5.777,115,-0.30029,-0.11647,0.39027,0,10,0,FALLBACK,0.0011,0.100,0.8679,0,none
5.825,116,-0.17188,-0.17072,0.37934,0,10,0,FALLBACK,-1.0000,0.100,0.8720,0,none
5.875,117,-0.27732,-0.33012,0.39122,0,10,0,FALLBACK,0.4138,0.100,0.8590,0,none
5.925,118,-0.40499,-0.49020,0.43944,0,10,0,FALLBACK,1.0000,0.100,0.8471,0,none
5.975,119,-0.48468,-0.33194,0.39407,0,10,0,FALLBACK,1.0000,0.100,0.8354,0,none
6.024,120,-0.53093,-0.19687,0.33893,0,10,0,FALLBACK,1.0000,0.100,0.8361,0,none
6.074,121,-0.55865,-0.28417,0.37009,0,10,0,FALLBACK,1.0000,0.100,0.8386,0,none
6.126,122,-0.40400,-0.35929,0.33593,0,10,0,FALLBACK,-0.2532,0.100,0.8411,0,none
6.177,123,-0.49928,-0.53831,0.35811,0,10,0,FALLBACK,1.0000,0.100,0.8378,0,none
6.227,124,-0.61011,-0.68171,0.42108,0,10,0,FALLBACK,1.0000,0.100,0.8185,0,none
6.276,125,-0.67475,-0.81326,0.42327,0,10,0,FALLBACK,1.0000,0.100,0.8154,0,none
6.326,126,-0.72081,-0.67829,0.38578,0,10,0,FALLBACK,1.0000,0.100,0.8181,0,none
6.376,127,-0.74919,-0.43087,0.33997,0,10,0,FALLBACK,1.0000,0.100,0.8209,0,none
6.426,128,-0.75939,-0.43593,0.30369,0,10,0,FALLBACK,1.0000,0.100,0.8236,0,none
6.476,129,-0.61454,-0.57144,0.35457,0,10,0,FALLBACK,0.8485,0.100,0.8263,0,none
6.526,130,-0.67930,-0.68355,0.35971,0,10,0,FALLBACK,1.0000,0.100,0.8310,0,none
6.576,131,-0.72950,-0.61130,0.34772,0,10,0,FALLBACK,1.0000,0.100,0.8319,0,none
6.626,132,-0.75769,-0.58952,0.32155,0,10,0,FALLBACK,1.0000,0.100,0.8342,0,none
6.676,133,-0.76702,-0.30171,0.28824,0,10,0,FALLBACK,1.0000,0.100,0.8367,0,none
6.729,134,-0.75738,-0.27047,0.27415,0,10,0,FALLBACK,1.0000,0.100,0.8392,0,none
6.776,135,-0.53946,-0.25600,0.29740,0,10,0,FALLBACK,0.1077,0.100,0.8416,0,none
6.828,136,-0.59576,-0.33651,0.31609,0,10,0,FALLBACK,1.0000,0.100,0.8457,0,none
6.860,137,-0.66802,-0.54869,0.30348,0,10,0,FALLBACK,1.0000,0.100,0.8417,0,none
6.909,138,-0.70050,-0.37354,0.38095,0,10,0,FALLBACK,1.0000,0.100,0.8327,0,none
6.960,139,-0.70946,-0.23086,0.27217,0,10,0,FALLBACK,1.0000,0.100,0.8352,0,none
7.010,140,-0.69979,-0.13927,0.21821,0,10,0,FALLBACK,1.0000,0.100,0.8378,0,none
7.059,141,-0.67109,-0.19971,0.24130,0,10,0,FALLBACK,1.0000,0.100,0.8402,0,none
7.111,142,-0.47889,-0.28724,0.26911,0,10,0,FALLBACK,-0.0666,0.100,0.8427,0,none
7.160,143,-0.51770,-0.35982,0.31327,0,10,0,FALLBACK,1.0000,0.100,0.8436,0,none
7.209,144,-0.56668,-0.26174,0.42432,0,10,0,FALLBACK,1.0000,0.100,0.8279,0,none
7.259,145,-0.57289,-0.22246,0.38173,0,10,0,FALLBACK,1.0000,0.100,0.8261,0,none
7.310,146,-0.55995,-0.08446,0.24882,0,10,0,FALLBACK,1.0000,0.100,0.8287,0,none
7.360,147,-0.52855,-0.12059,0.30033,0,10,0,FALLBACK,0.9857,0.100,0.8313,0,none
7.411,148,-0.29468,-0.21065,0.33240,0,10,0,FALLBACK,-1.0000,0.100,0.8341,0,none
7.461,149,-0.34217,-0.33447,0.34454,0,10,0,FALLBACK,0.4483,0.100,0.7974,0,none
7.509,150,-0.42398,-0.45265,0.33986,0,10,0,FALLBACK,1.0000,0.100,0.7905,0,none
7.560,151,-0.46187,-0.45153,0.34500,0,10,0,FALLBACK,0.9988,0.100,0.7803,0,none
7.613,152,-0.47044,-0.23009,0.33672,0,10,0,FALLBACK,0.8951,0.100,0.7825,0,none
7.661,153,-0.46445,-0.11512,0.26648,0,10,0,FALLBACK,0.7923,0.100,0.7872,0,none
7.712,154,-0.44731,-0.20994,0.32046,0,10,0,FALLBACK,0.6508,0.100,0.7922,0,none
7.764,155,-0.26379,-0.27233,0.33256,0,10,0,FALLBACK,-1.0000,0.100,0.7976,0,none
7.812,156,-0.32883,-0.37257,0.33719,0,10,0,FALLBACK,0.4693,0.100,0.7822,0,none
7.861,157,-0.42589,-0.44167,0.32489,0,10,0,FALLBACK,1.0000,0.100,0.7636,0,none
7.913,158,-0.47750,-0.52602,0.37352,0,10,0,FALLBACK,1.0000,0.100,0.7521,0,none
7.964,159,-0.50204,-0.36637,0.32672,0,10,0,FALLBACK,1.0000,0.100,0.7550,0,none
8.012,160,-0.51173,-0.22606,0.28456,0,10,0,FALLBACK,1.0000,0.100,0.7594,0,none
8.061,161,-0.50587,-0.26050,0.25023,0,10,0,FALLBACK,1.0000,0.100,0.7626,0,none
8.112,162,-0.32844,-0.31874,0.27858,0,10,0,FALLBACK,-0.7449,0.100,0.7663,0,none
8.162,163,-0.38788,-0.35923,0.30729,0,10,0,FALLBACK,0.7366,0.100,0.7564,0,none
8.211,164,-0.47834,-0.41897,0.25957,0,10,0,FALLBACK,1.0000,0.100,0.7335,0,none
8.261,165,-0.52296,-0.46282,0.27630,0,10,0,FALLBACK,1.0000,0.100,0.7244,0,none
8.310,166,-0.54777,-0.35540,0.23411,0,10,0,FALLBACK,1.0000,0.100,0.7262,0,none
8.363,167,-0.55877,-0.23292,0.26586,0,10,0,FALLBACK,1.0000,0.100,0.7388,0,none
8.411,168,-0.55556,-0.19415,0.23625,0,10,0,FALLBACK,1.0000,0.100,0.7318,0,none
8.463,169,-0.35964,-0.18820,0.21085,0,10,0,FALLBACK,-0.6814,0.100,0.7475,0,none
8.512,170,-0.42180,-0.27139,0.23054,0,10,0,FALLBACK,0.9198,0.100,0.7240,0,none
8.564,171,-0.51099,-0.34455,0.23229,0,10,0,FALLBACK,1.0000,0.100,0.7089,0,none
8.614,172,-0.55240,-0.47185,0.22672,0,10,0,FALLBACK,1.0000,0.100,0.7002,0,none
8.664,173,-0.57865,-0.53071,0.23703,0,10,0,FALLBACK,1.0000,0.100,0.7057,0,none
8.713,174,-0.59178,-0.48565,0.20758,0,10,0,FALLBACK,1.0000,0.100,0.7137,0,none
8.763,175,-0.59142,-0.57627,0.24573,0,10,0,FALLBACK,1.0000,0.100,0.7124,0,none
8.814,176,-0.57706,-0.52762,0.25002,0,10,0,FALLBACK,1.0000,0.100,0.7228,0,none
8.863,177,-0.54876,-0.49610,0.26650,0,10,0,FALLBACK,1.0000,0.100,0.7205,0,none
8.913,178,-0.50607,-0.50987,0.33678,0,10,0,FALLBACK,0.8169,0.100,0.7308,0,none
8.965,179,-0.45180,-0.42282,0.26408,0,10,0,FALLBACK,0.4876,0.100,0.7315,0,none
9.014,180,-0.39398,-0.30525,0.25681,0,10,0,FALLBACK,0.1809,0.100,0.7428,0,none
9.064,181,-0.33964,-0.16778,0.16071,1,10,0,FALLBACK,-0.0735,0.100,0.7455,0,none
9.114,182,-0.29177,-0.15187,0.19639,0,10,0,FALLBACK,-0.2805,0.100,0.7515,0,none
9.163,183,-0.25273,-0.09097,0.18008,1,10,0,FALLBACK,-0.4316,0.100,0.7555,0,none
9.214,184,-0.22412,-0.11312,0.18783,1,10,0,FALLBACK,-0.5224,0.100,0.7596,0,none
9.265,185,-0.20657,-0.07254,0.17418,1,10,0,FALLBACK,-0.5549,0.100,0.7639,0,none
9.313,186,-0.19961,-0.05481,0.17372,1,10,0,FALLBACK,-0.5367,0.100,0.7684,0,none
9.361,187,-0.20201,-0.10866,0.21357,0,10,0,FALLBACK,-0.4780,0.100,0.7732,0,none
9.414,188,-0.21202,-0.09035,0.18236,1,10,0,FALLBACK,-0.3898,0.100,0.7783,0,none
9.463,189,-0.22756,-0.11569,0.20371,0,10,0,FALLBACK,-0.2845,0.100,0.7836,0,none
9.515,190,-0.24646,-0.16283,0.20204,0,10,0,FALLBACK,-0.1732,0.100,0.7887,0,none
9.567,191,-0.26660,-0.21211,0.23426,0,10,0,FALLBACK,-0.0663,0.100,0.7938,0,none
9.614,192,-0.28679,-0.21727,0.23505,0,10,0,FALLBACK,0.0349,0.100,0.7986,0,none
9.665,193,-0.30515,-0.34122,0.29073,0,10,0,FALLBACK,0.1175,0.100,0.8033,0,none
9.716,194,-0.31992,-0.29672,0.29547,0,10,0,FALLBACK,0.1735,0.100,0.8079,0,none
9.764,195,-0.33024,-0.33578,0.28877,0,10,0,FALLBACK,0.2028,0.100,0.8124,0,none
9.815,196,-0.33581,-0.29448,0.27884,0,10,0,FALLBACK,0.2070,0.100,0.8168,0,none
9.863,197,-0.33690,-0.21037,0.24427,0,10,0,FALLBACK,0.1899,0.100,0.8213,0,none
9.914,198,-0.33407,-0.17574,0.24782,0,10,0,FALLBACK,0.1563,0.100,0.8259,0,none
9.965,199,-0.32826,-0.14671,0.24068,0,10,0,FALLBACK,0.1122,0.100,0.8304,0,none
10.016,200,-0.32051,-0.10317,0.21899,0,10,0,FALLBACK,0.0639,0.100,0.8349,0,none
10.066,201,-0.31194,-0.07647,0.20041,0,10,0,FALLBACK,0.0168,0.100,0.8394,0,none
10.116,202,-0.30356,-0.04492,0.18615,1,10,0,FALLBACK,-0.0241,0.100,0.8438,0,none
10.164,203,-0.29623,-0.09390,0.19370,0,10,0,FALLBACK,-0.0555,0.100,0.8481,0,none
10.214,204,-0.29054,-0.12374,0.20978,0,10,0,FALLBACK,-0.0757,0.100,0.8523,0,none
10.265,205,-0.28684,-0.08175,0.18765,1,10,0,FALLBACK,-0.0843,0.100,0.8565,0,none
10.314,206,-0.28524,-0.08586,0.18044,1,10,0,FALLBACK,-0.0818,0.100,0.8607,0,none
10.366,207,-0.28555,-0.14380,0.21788,0,10,0,FALLBACK,-0.0707,0.100,0.8648,0,none
10.414,208,-0.28744,-0.10750,0.21197,0,10,0,FALLBACK,-0.0534,0.100,0.8690,0,none
10.463,209,-0.29044,-0.10940,0.21354,0,10,0,FALLBACK,-0.0328,0.100,0.8730,0,none
10.515,210,-0.29401,-0.11580,0.21865,0,10,0,FALLBACK,-0.0121,0.100,0.8770,0,none
10.564,211,-0.29766,-0.12936,0.21386,0,10,0,FALLBACK,0.0066,0.100,0.8810,0,none
10.614,212,-0.30083,-0.14185,0.20647,0,10,0,FALLBACK,0.0200,0.100,0.8850,0,none
10.664,213,-0.30334,-0.13636,0.21483,0,10,0,FALLBACK,0.0293,0.100,0.8889,0,none
10.716,214,-0.30506,-0.08417,0.17688,1,10,0,FALLBACK,0.0339,0.100,0.8927,0,none
10.767,215,-0.30587,-0.09714,0.21957,0,10,0,FALLBACK,0.0334,0.100,0.8965,0,none
10.816,216,-0.30579,-0.11673,0.21178,0,10,0,FALLBACK,0.0285,0.100,0.9003,0,none
10.866,217,-0.30498,-0.07876,0.17265,1,10,0,FALLBACK,0.0208,0.100,0.9040,0,none
10.916,218,-0.30373,-0.10433,0.19248,0,10,0,FALLBACK,0.0124,0.100,0.9078,0,none
10.966,219,-0.30222,-0.08803,0.19174,1,10,0,FALLBACK,0.0036,0.100,0.9114,0,none
11.017,220,-0.30080,-0.11386,0.18311,1,10,0,FALLBACK,-0.0031,0.100,0.9151,0,none
11.067,221,-0.29949,-0.09605,0.18304,1,10,0,FALLBACK,-0.0091,0.100,0.9187,0,none
11.117,222,-0.29842,-0.11660,0.17324,1,10,0,FALLBACK,-0.0132,0.100,0.9222,0,none
11.165,223,-0.29780,-0.12978,0.19976,0,10,0,FALLBACK,-0.0141,0.100,0.9257,0,none
11.216,224,-0.29756,-0.04197,0.16006,1,10,0,FALLBACK,-0.0134,0.100,0.9292,0,none
11.266,225,-0.29766,-0.10736,0.17848,1,10,0,FALLBACK,-0.0111,0.100,0.9327,0,none
11.317,226,-0.29805,-0.08040,0.17661,1,10,0,FALLBACK,-0.0078,0.100,0.9361,0,none
11.366,227,-0.29863,-0.08186,0.16344,1,10,0,FALLBACK,-0.0039,0.100,0.9395,0,none
11.416,228,-0.29929,-0.07135,0.19294,0,10,0,FALLBACK,-0.0003,0.100,0.9428,0,none
11.467,229,-0.29993,-0.05252,0.19772,0,10,0,FALLBACK,0.0028,0.100,0.9461,0,none
11.516,230,-0.30045,0.00895,0.18637,1,10,0,FALLBACK,0.0049,0.100,0.9494,0,none
11.566,231,-0.30082,0.06473,0.19776,0,10,0,FALLBACK,0.0059,0.100,0.9527,0,none
11.618,232,-0.30099,0.09601,0.19534,0,10,0,FALLBACK,0.0058,0.100,0.9559,0,none
11.669,233,-0.30098,0.10156,0.17732,1,10,0,FALLBACK,0.0048,0.100,0.9591,0,none
11.719,234,-0.30084,0.03810,0.18377,1,10,0,FALLBACK,0.0035,0.100,0.9622,0,none
11.769,235,-0.30059,-0.03371,0.18751,1,10,0,FALLBACK,0.0017,0.100,0.9653,0,none
11.819,236,-0.25133,-0.16000,0.25403,0,10,0,FALLBACK,-0.4896,0.100,0.9684,0,none
11.869,237,-0.32256,-0.12517,0.26863,0,10,0,FALLBACK,0.4689,0.100,0.9663,0,none
11.918,238,-0.40988,-0.16410,0.30655,0,10,0,FALLBACK,0.9860,0.100,0.9578,0,none
11.970,239,-0.46011,-0.11918,0.21172,0,10,0,FALLBACK,1.0000,0.100,0.9502,0,none
12.021,240,-0.47015,-0.23853,0.24726,0,10,0,FALLBACK,0.9009,0.100,0.9486,0,none
12.071,241,-0.37694,-0.25978,0.24079,0,10,0,FALLBACK,-0.0814,0.100,0.9504,0,none
12.120,242,-0.41594,-0.25806,0.23311,0,10,0,FALLBACK,0.7747,0.100,0.9455,0,none
12.169,243,-0.47331,-0.21002,0.26984,0,10,0,FALLBACK,1.0000,0.100,0.9388,0,none
12.221,244,-0.49196,-0.10808,0.18212,1,10,0,FALLBACK,1.0000,0.100,0.9353,0,none
12.271,245,-0.47869,-0.07936,0.15157,1,10,0,FALLBACK,0.8271,0.100,0.9351,0,none
12.321,246,-0.32975,-0.12146,0.17344,1,10,0,FALLBACK,-0.5960,0.100,0.9379,0,none
12.374,247,-0.35095,-0.11113,0.16760,1,10,0,FALLBACK,0.3607,0.100,0.9252,0,none
12.420,248,-0.40891,-0.18280,0.19659,0,10,0,FALLBACK,0.8343,0.100,0.9131,0,none
12.471,249,-0.43832,-0.10921,0.18739,1,10,0,FALLBACK,0.8386,0.100,0.9104,0,none
12.522,250,-0.43442,-0.12327,0.18166,1,10,0,FALLBACK,0.6527,0.100,0.9112,0,none
12.571,251,-0.41216,-0.21864,0.20324,0,10,0,FALLBACK,0.4495,0.100,0.9147,0,none
12.620,252,-0.29105,-0.26831,0.21930,0,10,0,FALLBACK,-0.6503,0.100,0.9193,0,none
12.670,253,-0.32562,-0.35353,0.25773,0,10,0,FALLBACK,0.3009,0.100,0.9083,0,none
12.720,254,-0.39280,-0.30452,0.25826,0,10,0,FALLBACK,0.7999,0.100,0.9002,0,none
12.772,255,-0.42983,-0.19139,0.26095,0,10,0,FALLBACK,0.8343,0.100,0.8977,0,none
12.821,256,-0.43413,-0.24535,0.26509,0,10,0,FALLBACK,0.6922,0.100,0.8986,0,none
12.871,257,-0.41959,-0.25721,0.24114,0,10,0,FALLBACK,0.5252,0.100,0.9020,0,none
12.921,258,-0.32156,-0.31907,0.28667,0,10,0,FALLBACK,-0.3824,0.100,0.9064,0,none
12.971,259,-0.35864,-0.33039,0.27807,0,10,0,FALLBACK,0.4786,0.100,0.9004,0,none
13.022,260,-0.41867,-0.20212,0.24970,0,10,0,FALLBACK,0.8935,0.100,0.8949,0,none
13.072,261,-0.44629,-0.15756,0.19394,0,10,0,FALLBACK,0.8695,0.100,0.8923,0,none
13.122,262,-0.44219,-0.16051,0.19162,1,10,0,FALLBACK,0.6905,0.100,0.8935,0,none
13.173,263,-0.42064,-0.23896,0.23941,0,10,0,FALLBACK,0.4954,0.100,0.8972,0,none
13.222,264,-0.33138,-0.33976,0.29598,0,10,0,FALLBACK,-0.2894,0.100,0.9020,0,none
13.274,265,-0.36372,-0.29859,0.24309,0,10,0,FALLBACK,0.4803,0.100,0.8984,0,none
13.323,266,-0.41465,-0.24580,0.24414,0,10,0,FALLBACK,0.8279,0.100,0.8947,0,none
13.371,267,-0.43551,-0.16115,0.20194,0,10,0,FALLBACK,0.7819,0.100,0.8937,0,none
13.422,268,-0.42829,-0.21064,0.23080,0,10,0,FALLBACK,0.6054,0.100,0.8955,0,none
13.473,269,-0.29950,-0.25939,0.25608,0,10,0,FALLBACK,-0.6465,0.100,0.8995,0,none
13.522,270,-0.33779,-0.23756,0.23902,0,10,0,FALLBACK,0.3804,0.100,0.8872,0,none
13.573,271,-0.41058,-0.33198,0.23270,0,10,0,FALLBACK,0.9169,0.100,0.8766,0,none
13.621,272,-0.45053,-0.38256,0.25228,0,10,0,FALLBACK,0.9524,0.100,0.8726,0,none
13.673,273,-0.45493,-0.33469,0.23569,0,10,0,FALLBACK,0.7966,0.100,0.8731,0,none
13.722,274,-0.43921,-0.26642,0.20999,0,10,0,FALLBACK,0.6175,0.100,0.8765,0,none
13.771,275,-0.41357,-0.20445,0.24654,0,10,0,FALLBACK,0.4397,0.100,0.8818,0,none
13.821,276,-0.38181,-0.17347,0.19472,0,10,0,FALLBACK,0.2502,0.100,0.8866,0,none
13.872,277,-0.34724,-0.15719,0.21082,0,10,0,FALLBACK,0.0634,0.100,0.8911,0,none
13.922,278,-0.31398,-0.16842,0.23889,0,10,0,FALLBACK,-0.0964,0.100,0.8951,0,none
13.974,279,-0.28556,-0.10322,0.21894,0,10,0,FALLBACK,-0.2143,0.100,0.8986,0,none
14.024,280,-0.26435,-0.08195,0.18014,1,10,0,FALLBACK,-0.2842,0.100,0.9019,0,none
14.073,281,-0.25148,-0.10900,0.21544,0,10,0,FALLBACK,-0.3070,0.100,0.9052,0,none
14.125,282,-0.24684,-0.06694,0.22976,0,10,0,FALLBACK,-0.2890,0.100,0.9086,0,none
14.172,283,-0.24942,-0.25304,0.28494,0,10,0,FALLBACK,-0.2400,0.100,0.9121,0,none
14.225,284,-0.25754,-0.26459,0.26185,0,10,0,FALLBACK,-0.1717,0.100,0.9158,0,none
14.274,285,-0.26921,-0.28379,0.28211,0,10,0,FALLBACK,-0.0957,0.100,0.9195,0,none
14.325,286,-0.33108,-0.33135,0.31836,0,10,0,FALLBACK,0.4647,0.100,0.9231,0,none
14.375,287,-0.30337,-0.26751,0.28754,0,10,0,FALLBACK,-0.1216,0.100,0.9216,0,none
14.423,288,-0.26284,-0.20007,0.22114,0,10,0,FALLBACK,-0.3885,0.100,0.9225,0,none
14.477,289,-0.24138,-0.21832,0.22887,0,10,0,FALLBACK,-0.4004,0.100,0.9232,0,none
14.523,290,-0.23514,-0.28835,0.24632,0,10,0,FALLBACK,-0.3555,0.100,0.9260,0,none
14.577,291,-0.23796,-0.26329,0.22904,0,10,0,FALLBACK,-0.2961,0.100,0.9295,0,none
14.626,292,-0.27509,-0.28707,0.21603,0,10,0,FALLBACK,0.0611,0.100,0.9330,0,none
14.675,293,-0.25183,-0.15995,0.16915,1,10,0,FALLBACK,-0.3571,0.100,0.9357,0,none
14.726,294,-0.22690,-0.12340,0.17994,1,10,0,FALLBACK,-0.4902,0.100,0.9363,0,none
14.776,295,-0.22113,-0.13145,0.18642,1,10,0,FALLBACK,-0.4232,0.100,0.9377,0,none
14.824,296,-0.22924,-0.13647,0.21031,0,10,0,FALLBACK,-0.3132,0.100,0.9408,0,none
14.874,297,-0.28137,-0.25981,0.23925,0,10,0,FALLBACK,0.1675,0.100,0.9445,0,none
14.925,298,-0.26101,-0.25347,0.22850,0,10,0,FALLBACK,-0.2967,0.100,0.9458,0,none
14.975,299,-0.23449,-0.16043,0.19009,1,10,0,FALLBACK,-0.4601,0.100,0.9462,0,none
15.025,300,-0.22721,-0.16856,0.20621,0,10,0,FALLBACK,-0.4004,0.100,0.9473,0,none
15.076,301,-0.23413,-0.26044,0.25613,0,10,0,FALLBACK,-0.2948,0.100,0.9503,0,none
15.109,302,-0.29221,-0.29343,0.26959,0,10,0,FALLBACK,0.2515,0.100,0.9538,0,none
15.161,303,-0.26334,-0.23024,0.21014,0,10,0,FALLBACK,-0.3276,0.100,0.9530,0,none
15.211,304,-0.23523,-0.19705,0.20581,0,10,0,FALLBACK,-0.4644,0.100,0.9518,0,none
15.261,305,-0.22806,-0.14015,0.19730,0,10,0,FALLBACK,-0.3956,0.100,0.9535,0,none
15.311,306,-0.23304,-0.12260,0.19515,0,10,0,FALLBACK,-0.3098,0.100,0.9567,0,none
15.362,307,-0.29489,-0.23429,0.25231,0,10,0,FALLBACK,0.2836,0.100,0.9601,0,none
15.409,308,-0.26343,-0.12667,0.19357,0,10,0,FALLBACK,-0.3402,0.100,0.9585,0,none
15.461,309,-0.23233,-0.08819,0.19692,0,10,0,FALLBACK,-0.4938,0.100,0.9566,0,none
15.512,310,-0.22382,-0.19454,0.19868,0,10,0,FALLBACK,-0.4235,0.100,0.9580,0,none
15.559,311,-0.22929,-0.21498,0.23502,0,10,0,FALLBACK,-0.3262,0.100,0.9611,0,none
15.612,312,-0.24250,-0.18977,0.22775,0,10,0,FALLBACK,-0.2215,0.100,0.9645,0,none
15.661,313,-0.28224,-0.21730,0.22160,0,10,0,FALLBACK,0.1099,0.100,0.9678,0,none
15.710,314,-0.26428,-0.20757,0.22622,0,10,0,FALLBACK,-0.2684,0.100,0.9700,0,none
15.764,315,-0.24315,-0.18555,0.19382,0,10,0,FALLBACK,-0.3898,0.100,0.9710,0,none
15.811,316,-0.23840,-0.19868,0.20583,0,10,0,FALLBACK,-0.3318,0.100,0.9725,0,none
15.862,317,-0.24569,-0.17058,0.21371,0,10,0,FALLBACK,-0.2351,0.100,0.9754,0,none
15.911,318,-0.28379,-0.28068,0.23615,0,10,0,FALLBACK,0.1094,0.100,0.9785,0,none
15.963,319,-0.26134,-0.18283,0.20140,0,10,0,FALLBACK,-0.3055,0.100,0.9805,0,none
16.014,320,-0.23615,-0.15212,0.17839,1,10,0,FALLBACK,-0.4452,0.100,0.9809,0,none
16.063,321,-0.22953,-0.12547,0.18429,1,10,0,FALLBACK,-0.3855,0.100,0.9819,0,none
16.113,322,-0.23703,-0.16734,0.22402,0,10,0,FALLBACK,-0.2774,0.100,0.9846,0,none
16.164,323,-0.27791,-0.28762,0.24365,0,10,0,FALLBACK,0.0940,0.100,0.9877,0,none
16.213,324,-0.25722,-0.26646,0.24124,0,10,0,FALLBACK,-0.3174,0.100,0.9896,0,none
16.264,325,-0.23016,-0.15333,0.19655,0,10,0,FALLBACK,-0.4845,0.100,0.9892,0,none
16.317,326,-0.22172,-0.11975,0.18613,1,10,0,FALLBACK,-0.4336,0.100,0.9904,0,none
16.365,327,-0.23067,-0.21115,0.25169,0,10,0,FALLBACK,-0.3019,0.100,0.9926,0,none
16.416,328,-0.27531,-0.30589,0.28899,0,10,0,FALLBACK,0.0998,0.100,0.9956,0,none
16.468,329,-0.25788,-0.35544,0.29724,0,10,0,FALLBACK,-0.2978,0.100,0.9973,0,none
16.516,330,-0.23286,-0.36614,0.32390,0,10,0,FALLBACK,-0.4608,0.100,0.9970,0,none
16.568,331,-0.22565,-0.22946,0.25784,0,10,0,FALLBACK,-0.4078,0.100,0.9983,0,none
16.617,332,-0.23480,-0.22857,0.26038,0,10,0,FALLBACK,-0.2803,0.100,1.0006,0,none
16.668,333,-0.27754,-0.23581,0.26568,0,10,0,FALLBACK,0.1014,0.100,1.0034,0,none
16.718,334,-0.26279,-0.17595,0.22027,0,10,0,FALLBACK,-0.2597,0.100,1.0046,0,none
16.766,335,-0.24002,-0.16559,0.20950,0,10,0,FALLBACK,-0.4137,0.100,1.0055,0,none
16.817,336,-0.23257,-0.15176,0.19711,0,10,0,FALLBACK,-0.3745,0.100,1.0069,0,none
16.869,337,-0.24062,-0.17739,0.21888,0,10,0,FALLBACK,-0.2566,0.100,1.0090,0,none
16.916,338,-0.27874,-0.25784,0.25821,0,10,0,FALLBACK,0.0843,0.100,1.0118,0,none
16.965,339,-0.26223,-0.28466,0.25908,0,10,0,FALLBACK,-0.2714,0.100,1.0133,0,none
17.017,340,-0.23906,-0.28459,0.27195,0,10,0,FALLBACK,-0.4205,0.100,1.0139,0,none
17.067,341,-0.23156,-0.21222,0.24884,0,10,0,FALLBACK,-0.3797,0.100,1.0152,0,none
17.118,342,-0.23981,-0.23970,0.27713,0,10,0,FALLBACK,-0.2597,0.100,1.0172,0,none
17.169,343,-0.27380,-0.39252,0.30157,0,10,0,FALLBACK,0.0389,0.100,1.0199,0,none
17.218,344,-0.25803,-0.37609,0.27011,0,10,0,FALLBACK,-0.2887,0.100,1.0218,0,none
17.269,345,-0.23757,-0.24463,0.23617,0,10,0,FALLBACK,-0.4144,0.100,1.0225,0,none
17.318,346,-0.23265,-0.19180,0.21641,0,10,0,FALLBACK,-0.3614,0.100,1.0238,0,none
17.369,347,-0.28897,-0.32949,0.25755,0,10,0,FALLBACK,0.2265,0.100,1.0258,0,none
17.417,348,-0.26780,-0.29618,0.26600,0,10,0,FALLBACK,-0.2668,0.100,1.0238,0,none
17.470,349,-0.23190,-0.16725,0.18299,1,10,0,FALLBACK,-0.5200,0.100,1.0233,0,none
17.520,350,-0.22017,-0.14600,0.18666,1,10,0,FALLBACK,-0.4578,0.100,1.0224,0,none
17.569,351,-0.22824,-0.20259,0.22425,0,10,0,FALLBACK,-0.3184,0.100,1.0244,0,none
17.619,352,-0.28457,-0.27222,0.25013,0,10,0,FALLBACK,0.2045,0.100,1.0274,0,none
17.668,353,-0.25705,-0.18903,0.20257,0,10,0,FALLBACK,-0.3524,0.100,1.0266,0,none
17.720,354,-0.22039,-0.14141,0.17284,1,10,0,FALLBACK,-0.5814,0.100,1.0239,0,none
17.768,355,-0.20783,-0.10471,0.15656,1,10,0,FALLBACK,-0.5236,0.100,1.0238,0,none
17.820,356,-0.21807,-0.03323,0.18476,1,10,0,FALLBACK,-0.3585,0.100,1.0252,0,none
17.868,357,-0.27522,0.00545,0.18823,1,10,0,FALLBACK,0.1619,0.100,1.0279,0,none
17.918,358,-0.26461,-0.06633,0.19475,0,10,0,FALLBACK,-0.2300,0.100,1.0273,0,none
17.971,359,-0.24132,-0.03615,0.17264,1,10,0,FALLBACK,-0.4099,0.100,1.0280,0,none
18.021,360,-0.23327,-0.03038,0.16551,1,10,0,FALLBACK,-0.3739,0.100,1.0291,0,none
18.070,361,-0.24180,-0.01131,0.17401,1,10,0,FALLBACK,-0.2484,0.100,1.0309,0,none
18.119,362,-0.25991,-0.10506,0.21330,0,10,0,FALLBACK,-0.1099,0.100,1.0334,0,none
18.171,363,-0.28158,-0.09958,0.21675,0,10,0,FALLBACK,0.0163,0.100,1.0360,0,none
18.222,364,-0.30243,-0.13538,0.21924,0,10,0,FALLBACK,0.1164,0.100,1.0384,0,none
18.271,365,-0.31837,-0.16270,0.25526,0,10,0,FALLBACK,0.1716,0.100,1.0404,0,none
18.323,366,-0.32822,-0.09669,0.20482,0,10,0,FALLBACK,0.1903,0.100,1.0424,0,none
18.372,367,-0.33159,-0.12371,0.19489,0,10,0,FALLBACK,0.1748,0.100,1.0445,0,none
18.423,368,-0.32884,-0.11108,0.18863,1,10,0,FALLBACK,0.1305,0.100,1.0467,0,none
18.471,369,-0.32173,-0.12259,0.19298,0,10,0,FALLBACK,0.0731,0.100,1.0490,0,none
18.521,370,-0.31194,-0.12017,0.20075,0,10,0,FALLBACK,0.0108,0.100,1.0513,0,none
18.573,371,-0.30150,-0.09345,0.19153,1,10,0,FALLBACK,-0.0447,0.100,1.0535,0,none
18.621,372,-0.29243,-0.12034,0.22579,0,10,0,FALLBACK,-0.0832,0.100,1.0557,0,none
18.672,373,-0.28619,-0.07048,0.17455,1,10,0,FALLBACK,-0.1002,0.100,1.0578,0,none
18.721,374,-0.28350,-0.09127,0.20828,0,10,0,FALLBACK,-0.0960,0.100,1.0599,0,none
18.774,375,-0.28429,-0.08789,0.17518,1,10,0,FALLBACK,-0.0746,0.100,1.0620,0,none
18.820,376,-0.28785,-0.05897,0.18018,1,10,0,FALLBACK,-0.0429,0.100,1.0641,0,none
18.872,377,-0.29311,-0.05420,0.20372,0,10,0,FALLBACK,-0.0082,0.100,1.0662,0,none
18.924,378,-0.29883,-0.09709,0.18194,1,10,0,FALLBACK,0.0227,0.100,1.0682,0,none
18.972,379,-0.30387,-0.16643,0.20626,0,10,0,FALLBACK,0.0446,0.100,1.0703,0,none
19.024,380,-0.30738,-0.21578,0.25035,0,10,0,FALLBACK,0.0545,0.100,1.0722,0,none
19.073,381,-0.30893,-0.24164,0.29333,0,10,0,FALLBACK,0.0524,0.100,1.0742,0,none
19.124,382,-0.30853,-0.06563,0.26137,0,10,0,FALLBACK,0.0406,0.100,1.0762,0,none
19.172,383,-0.30653,-0.00445,0.20025,0,10,0,FALLBACK,0.0227,0.100,1.0781,0,none
19.225,384,-0.30357,-0.02263,0.25470,0,10,0,FALLBACK,0.0030,0.100,1.0801,0,none
19.274,385,-0.30035,-0.18249,0.32876,0,10,0,FALLBACK,-0.0144,0.100,1.0820,0,none
19.322,386,-0.24880,-0.18788,0.32160,0,10,0,FALLBACK,-0.5138,0.100,1.0839,0,none
19.375,387,-0.36336,-0.29077,0.38313,0,10,0,FALLBACK,0.8896,0.100,1.0801,0,none
19.425,388,-0.49621,-0.22917,0.33070,0,10,0,FALLBACK,1.0000,0.100,1.0635,0,none
19.475,389,-0.57542,-0.17481,0.28887,0,10,0,FALLBACK,1.0000,0.100,1.0462,0,none
19.523,390,-0.44669,-0.25218,0.28801,0,10,0,FALLBACK,0.0897,0.100,1.0439,0,none
19.573,391,-0.56503,-0.52092,0.38027,0,10,0,FALLBACK,1.0000,0.100,1.0437,0,none
19.624,392,-0.69679,-0.67413,0.53768,0,10,0,FALLBACK,1.0000,0.100,1.0383,0,none
19.674,393,-0.78669,-0.66323,0.45947,0,10,0,FALLBACK,1.0000,0.100,1.0238,0,none
19.722,394,-0.84212,-0.39623,0.39595,0,10,0,FALLBACK,1.0000,0.100,1.0229,0,none
19.775,395,-0.86944,-0.45141,0.42621,0,10,0,FALLBACK,1.0000,0.100,1.0224,0,none
19.825,396,-0.76351,-0.66131,0.47542,0,10,0,FALLBACK,1.0000,0.100,1.0219,0,none
19.874,397,-0.84059,-0.94311,0.45864,0,10,0,FALLBACK,1.0000,0.100,1.0214,0,none
19.923,398,-0.88972,-0.63630,0.39540,0,10,0,FALLBACK,1.0000,0.100,1.0209,0,none
19.973,399,-0.91070,-0.33345,0.33254,0,10,0,FALLBACK,1.0000,0.100,1.0205,0,none
20.024,400,-0.90347,-0.50458,0.37600,0,10,0,FALLBACK,1.0000,0.100,1.0200,0,none
20.075,401,-0.71396,-0.67439,0.38391,0,10,0,FALLBACK,1.0000,0.100,1.0196,0,none
20.125,402,-0.75687,-0.71436,0.34312,0,10,0,FALLBACK,1.0000,0.100,1.0192,0,none
20.175,403,-0.77170,-0.74101,0.31109,0,10,0,FALLBACK,1.0000,0.100,1.0187,0,none
20.227,404,-0.75841,-0.39090,0.32003,0,10,0,FALLBACK,1.0000,0.100,1.0183,0,none
20.274,405,-0.71712,-0.33954,0.26209,0,10,0,FALLBACK,1.0000,0.100,1.0179,0,none
20.327,406,-0.64804,-0.43129,0.24738,0,10,0,FALLBACK,1.0000,0.100,1.0175,0,none
20.376,407,-0.46206,-0.53124,0.23472,0,10,0,FALLBACK,-0.1196,0.100,1.0171,0,none
20.427,408,-0.44470,-0.43003,0.28777,0,10,0,FALLBACK,0.6367,0.100,1.0167,0,none
20.477,409,-0.45057,-0.17662,0.29084,0,10,0,FALLBACK,0.7822,0.100,1.0090,0,none
20.526,410,-0.42997,-0.14248,0.23033,0,10,0,FALLBACK,0.5468,0.100,1.0032,0,none
20.577,411,-0.38110,-0.11620,0.22038,0,10,0,FALLBACK,0.1611,0.100,1.0042,0,none
20.610,412,-0.21029,-0.21807,0.28748,0,10,0,FALLBACK,-1.0000,0.100,1.0071,0,none
20.661,413,-0.27768,-0.31817,0.38292,0,10,0,FALLBACK,0.2253,0.100,0.9880,0,none
20.710,414,-0.37793,-0.31045,0.37481,0,10,0,FALLBACK,0.8909,0.100,0.9768,0,none
20.762,415,-0.43698,-0.19327,0.31292,0,10,0,FALLBACK,0.9801,0.100,0.9647,0,none
20.812,416,-0.45468,-0.17396,0.25151,0,10,0,FALLBACK,0.8620,0.100,0.9615,0,none
20.862,417,-0.29078,-0.27321,0.26165,0,10,0,FALLBACK,-0.8656,0.100,0.9638,0,none
20.913,418,-0.39130,-0.34513,0.31475,0,10,0,FALLBACK,0.9591,0.100,0.9331,0,none
20.963,419,-0.52431,-0.46927,0.34342,0,10,0,FALLBACK,1.0000,0.100,0.9105,0,none
21.012,420,-0.59832,-0.44965,0.33610,0,10,0,FALLBACK,1.0000,0.100,0.8936,0,none
21.060,421,-0.64365,-0.21444,0.24528,0,10,0,FALLBACK,1.0000,0.100,0.8949,0,none
21.112,422,-0.66781,-0.28282,0.29184,0,10,0,FALLBACK,1.0000,0.100,0.8965,0,none
21.160,423,-0.51448,-0.40112,0.30458,0,10,0,FALLBACK,0.3057,0.100,0.8981,0,none
21.211,424,-0.59984,-0.70761,0.35884,0,10,0,FALLBACK,1.0000,0.100,0.9031,0,none
21.260,425,-0.68240,-0.73654,0.38895,0,10,0,FALLBACK,1.0000,0.100,0.8941,0,none
21.312,426,-0.72787,-0.61757,0.31275,0,10,0,FALLBACK,1.0000,0.100,0.8933,0,none
21.360,427,-0.75145,-0.47522,0.24750,0,10,0,FALLBACK,1.0000,0.100,0.8949,0,none
21.411,428,-0.75346,-0.47801,0.29355,0,10,0,FALLBACK,1.0000,0.100,0.8965,0,none
21.462,429,-0.56729,-0.48452,0.25581,0,10,0,FALLBACK,0.4056,0.100,0.8981,0,none
21.511,430,-0.62932,-0.54778,0.22498,0,10,0,FALLBACK,1.0000,0.100,0.9036,0,none
21.564,431,-0.68564,-0.57578,0.23812,0,10,0,FALLBACK,1.0000,0.100,0.8966,0,none
21.612,432,-0.70681,-0.55779,0.21753,0,10,0,FALLBACK,1.0000,0.100,0.8962,0,none
21.663,433,-0.70589,-0.56353,0.25920,0,10,0,FALLBACK,1.0000,0.100,0.8978,0,none
21.713,434,-0.68319,-0.55009,0.30975,0,10,0,FALLBACK,1.0000,0.100,0.8994,0,none
21.762,435,-0.63861,-0.34920,0.26915,0,10,0,FALLBACK,1.0000,0.100,0.9009,0,none
21.814,436,-0.57220,-0.26060,0.27202,0,10,0,FALLBACK,1.0000,0.100,0.9024,0,none
21.863,437,-0.48409,-0.11657,0.20861,0,10,0,FALLBACK,0.4799,0.100,0.9039,0,none
21.914,438,-0.38269,-0.08903,0.19404,0,10,0,FALLBACK,-0.0935,0.100,0.9095,0,none
21.964,439,-0.29061,0.05669,0.13396,1,10,0,FALLBACK,-0.5074,0.100,0.9117,0,none
22.012,440,-0.21936,0.08351,0.15369,1,10,0,FALLBACK,-0.7594,0.100,0.9107,0,none
22.065,441,-0.17277,0.06597,0.18873,1,10,0,FALLBACK,-0.8691,0.100,0.9097,0,none
22.114,442,-0.14992,-0.02166,0.21744,0,10,0,FALLBACK,-0.8646,0.100,0.9103,0,none
22.165,443,-0.14946,-0.04708,0.25883,0,10,0,FALLBACK,-0.7550,0.100,0.9120,0,none
22.214,444,-0.16776,-0.04509,0.22411,0,10,0,FALLBACK,-0.5697,0.100,0.9152,0,none
22.262,445,-0.19911,-0.02068,0.19987,0,10,0,FALLBACK,-0.3477,0.100,0.9193,0,none
22.315,446,-0.23725,-0.05486,0.20709,0,10,0,FALLBACK,-0.1231,0.100,0.9236,0,none
22.364,447,-0.27637,-0.13508,0.22430,0,10,0,FALLBACK,0.0775,0.100,0.9274,0,none
22.415,448,-0.31146,-0.12037,0.18891,1,10,0,FALLBACK,0.2328,0.100,0.9306,0,none
22.465,449,-0.33869,-0.16037,0.19406,0,10,0,FALLBACK,0.3296,0.100,0.9334,0,none
22.515,450,-0.35575,-0.17689,0.20960,0,10,0,FALLBACK,0.3641,0.100,0.9360,0,none
22.566,451,-0.36210,-0.18678,0.22509,0,10,0,FALLBACK,0.3423,0.100,0.9388,0,none
22.616,452,-0.35918,-0.15591,0.23320,0,10,0,FALLBACK,0.2813,0.100,0.9420,0,none
22.664,453,-0.34908,-0.15002,0.24469,0,10,0,FALLBACK,0.1949,0.100,0.9454,0,none
22.715,454,-0.33392,-0.15433,0.22538,0,10,0,FALLBACK,0.0938,0.100,0.9488,0,none
22.767,455,-0.31730,-0.11193,0.21685,0,10,0,FALLBACK,0.0034,0.100,0.9523,0,none
22.815,456,-0.30190,-0.08330,0.20408,0,10,0,FALLBACK,-0.0675,0.100,0.9555,0,none
22.867,457,-0.28877,-0.07920,0.20304,0,10,0,FALLBACK,-0.1217,0.100,0.9586,0,none
22.917,458,-0.27928,-0.04946,0.19057,1,10,0,FALLBACK,-0.1511,0.100,0.9616,0,none
22.966,459,-0.27440,-0.01005,0.18926,1,10,0,FALLBACK,-0.1524,0.100,0.9647,0,none
23.016,460,-0.27414,-0.03082,0.20582,0,10,0,FALLBACK,-0.1306,0.100,0.9677,0,none
23.068,461,-0.27759,-0.03166,0.20347,0,10,0,FALLBACK,-0.0948,0.100,0.9707,0,none
23.117,462,-0.28314,-0.04639,0.20816,0,10,0,FALLBACK,-0.0565,0.100,0.9738,0,none
23.169,463,-0.29030,-0.03794,0.20246,0,10,0,FALLBACK,-0.0127,0.100,0.9768,0,none
23.216,464,-0.29786,-0.05941,0.20828,0,10,0,FALLBACK,0.0271,0.100,0.9798,0,none
23.270,465,-0.30449,-0.04828,0.22833,0,10,0,FALLBACK,0.0556,0.100,0.9827,0,none
23.320,466,-0.30928,-0.06036,0.22424,0,10,0,FALLBACK,0.0704,0.100,0.9855,0,none
23.367,467,-0.31180,-0.11832,0.24494,0,10,0,FALLBACK,0.0716,0.100,0.9884,0,none
23.416,468,-0.31203,-0.08902,0.21900,0,10,0,FALLBACK,0.0613,0.100,0.9912,0,none
23.468,469,-0.31032,-0.10096,0.25232,0,10,0,FALLBACK,0.0430,0.100,0.9940,0,none
23.518,470,-0.30756,-0.08858,0.20715,0,10,0,FALLBACK,0.0241,0.100,0.9968,0,none
23.568,471,-0.30407,-0.09510,0.21895,0,10,0,FALLBACK,0.0028,0.100,0.9996,0,none
23.618,472,-0.30058,-0.09188,0.21658,0,10,0,FALLBACK,-0.0146,0.100,1.0024,0,none
23.670,473,-0.29757,-0.10569,0.22744,0,10,0,FALLBACK,-0.0272,0.100,1.0051,0,none
23.718,474,-0.29541,-0.10547,0.19523,0,10,0,FALLBACK,-0.0338,0.100,1.0077,0,none
23.768,475,-0.29433,-0.07072,0.20611,0,10,0,FALLBACK,-0.0338,0.100,1.0104,0,none
23.820,476,-0.29435,-0.04892,0.20790,0,10,0,FALLBACK,-0.0281,0.100,1.0130,0,none
23.870,477,-0.29530,-0.06106,0.20287,0,10,0,FALLBACK,-0.0188,0.100,1.0156,0,none
23.918,478,-0.29687,-0.10419,0.20699,0,10,0,FALLBACK,-0.0078,0.100,1.0182,0,none
23.970,479,-0.29869,-0.07402,0.19479,0,10,0,FALLBACK,0.0026,0.100,1.0207,0,none
24.019,480,-0.30043,-0.08525,0.18641,1,10,0,FALLBACK,0.0109,0.100,1.0233,0,none
24.071,481,-0.30174,-0.06781,0.19138,1,10,0,FALLBACK,0.0152,0.100,1.0257,0,none
24.121,482,-0.30244,-0.01763,0.20154,0,10,0,FALLBACK,0.0157,0.100,1.0282,0,none
24.171,483,-0.30260,-0.01815,0.19203,1,10,0,FALLBACK,0.0138,0.100,1.0307,0,none
24.221,484,-0.30230,-0.01649,0.18300,1,10,0,FALLBACK,0.0100,0.100,1.0331,0,none
24.272,485,-0.30167,-0.05449,0.17027,1,10,0,FALLBACK,0.0052,0.100,1.0355,0,none
24.322,486,-0.30084,-0.10979,0.19625,0,10,0,FALLBACK,0.0001,0.100,1.0379,0,none
24.372,487,-0.20280,-0.21502,0.25265,0,10,0,FALLBACK,-0.9762,0.100,1.0402,0,none
24.421,488,-0.28746,-0.29672,0.29959,0,10,0,FALLBACK,0.3606,0.100,1.0256,0,none
24.473,489,-0.41034,-0.30112,0.25293,0,10,0,FALLBACK,1.0000,0.100,1.0082,0,none
24.521,490,-0.49251,-0.19322,0.22995,0,10,0,FALLBACK,1.0000,0.100,0.9956,0,none
24.571,491,-0.52666,-0.26481,0.26836,0,10,0,FALLBACK,1.0000,0.100,0.9917,0,none
24.620,492,-0.41748,-0.26246,0.29187,0,10,0,FALLBACK,0.0415,0.100,0.9916,0,none
24.671,493,-0.47998,-0.31219,0.31573,0,10,0,FALLBACK,1.0000,0.100,0.9870,0,none
24.722,494,-0.55649,-0.31663,0.30566,0,10,0,FALLBACK,1.0000,0.100,0.9766,0,none
24.773,495,-0.58645,-0.22967,0.31117,0,10,0,FALLBACK,1.0000,0.100,0.9720,0,none
24.823,496,-0.58758,-0.21997,0.26089,0,10,0,FALLBACK,1.0000,0.100,0.9722,0,none
24.870,497,-0.56329,-0.24141,0.28409,0,10,0,FALLBACK,1.0000,0.100,0.9726,0,none
24.924,498,-0.44368,-0.24816,0.29980,0,10,0,FALLBACK,0.1203,0.100,0.9730,0,none
24.974,499,-0.45707,-0.24944,0.30166,0,10,0,FALLBACK,0.8523,0.100,0.9747,0,none
25.021,500,-0.48066,-0.11535,0.23080,0,10,0,FALLBACK,1.0000,0.100,0.9652,0,none
25.074,501,-0.46447,-0.10962,0.21451,0,10,0,FALLBACK,0.7413,0.100,0.9620,0,none
25.122,502,-0.41971,-0.11729,0.23854,0,10,0,FALLBACK,0.3747,0.100,0.9640,0,none
25.174,503,-0.26642,-0.14774,0.24277,0,10,0,FALLBACK,-0.9343,0.100,0.9682,0,none
25.225,504,-0.29999,-0.14780,0.25799,0,10,0,FALLBACK,0.1678,0.100,0.9500,0,none
25.272,505,-0.38335,-0.25569,0.34813,0,10,0,FALLBACK,0.8335,0.100,0.9426,0,none
25.322,506,-0.44121,-0.17491,0.30240,0,10,0,FALLBACK,0.9954,0.100,0.9337,0,none
25.375,507,-0.45563,-0.19972,0.30723,0,10,0,FALLBACK,0.8502,0.100,0.9252,0,none
25.426,508,-0.43972,-0.25848,0.31857,0,10,0,FALLBACK,0.6190,0.100,0.9267,0,none
25.475,509,-0.34030,-0.32655,0.33866,0,10,0,FALLBACK,-0.2956,0.100,0.9310,0,none
25.526,510,-0.37287,-0.31527,0.34181,0,10,0,FALLBACK,0.5273,0.100,0.9327,0,none
25.576,511,-0.42582,-0.28402,0.31019,0,10,0,FALLBACK,0.8938,0.100,0.9215,0,none
25.627,512,-0.45124,-0.19668,0.30598,0,10,0,FALLBACK,0.8834,0.100,0.9212,0,none
25.675,513,-0.44487,-0.26519,0.31443,0,10,0,FALLBACK,0.6925,0.100,0.9199,0,none
25.725,514,-0.30545,-0.32222,0.28493,0,10,0,FALLBACK,-0.6699,0.100,0.9230,0,none
25.776,515,-0.33867,-0.30848,0.27454,0,10,0,FALLBACK,0.3594,0.100,0.9249,0,none
25.827,516,-0.40871,-0.39678,0.28674,0,10,0,FALLBACK,0.8938,0.100,0.9050,0,none
25.876,517,-0.45794,-0.27883,0.31654,0,10,0,FALLBACK,1.0000,0.100,0.8970,0,none
25.927,518,-0.46849,-0.27729,0.29233,0,10,0,FALLBACK,0.8952,0.100,0.8929,0,none
25.977,519,-0.45263,-0.26151,0.26694,0,10,0,FALLBACK,0.6838,0.100,0.8945,0,none
26.027,520,-0.32356,-0.29965,0.29299,0,10,0,FALLBACK,-0.5276,0.100,0.8987,0,none
26.077,521,-0.35192,-0.27078,0.31920,0,10,0,FALLBACK,0.4014,0.100,0.9005,0,none
26.124,522,-0.40114,-0.23886,0.31114,0,10,0,FALLBACK,0.7518,0.100,0.8878,0,none
26.177,523,-0.42911,-0.17635,0.25686,0,10,0,FALLBACK,0.7854,0.100,0.8868,0,none
26.227,524,-0.43146,-0.18031,0.27277,0,10,0,FALLBACK,0.6690,0.100,0.8870,0,none
26.275,525,-0.41496,-0.23638,0.31220,0,10,0,FALLBACK,0.4923,0.100,0.8902,0,none
26.327,526,-0.30307,-0.22414,0.27986,0,10,0,FALLBACK,-0.5441,0.100,0.8947,0,none
26.377,527,-0.34017,-0.25389,0.27009,0,10,0,FALLBACK,0.3863,0.100,0.8955,0,none
26.427,528,-0.40873,-0.27874,0.29285,0,10,0,FALLBACK,0.8864,0.100,0.8861,0,none
26.476,529,-0.45305,-0.38963,0.30892,0,10,0,FALLBACK,0.9869,0.100,0.8791,0,none
26.527,530,-0.46119,-0.40315,0.30096,0,10,0,FALLBACK,0.8466,0.100,0.8761,0,none
26.576,531,-0.44452,-0.30891,0.27731,0,10,0,FALLBACK,0.6392,0.100,0.8784,0,none
26.628,532,-0.41365,-0.29228,0.31664,0,10,0,FALLBACK,0.4139,0.100,0.8830,0,none
26.659,533,-0.37516,-0.23026,0.25202,0,10,0,FALLBACK,0.1833,0.100,0.8880,0,none
26.711,534,-0.33959,-0.23126,0.26840,0,10,0,FALLBACK,0.0201,0.100,0.8925,0,none
26.760,535,-0.30700,-0.22926,0.26275,0,10,0,FALLBACK,-0.1280,0.100,0.8965,0,none
26.809,536,-0.27940,-0.15414,0.27009,0,10,0,FALLBACK,-0.2410,0.100,0.8999,0,none
26.863,537,-0.25942,-0.17162,0.26944,0,10,0,FALLBACK,-0.3028,0.100,0.9031,0,none
26.912,538,-0.24816,-0.16551,0.21879,0,10,0,FALLBACK,-0.3155,0.100,0.9064,0,none
26.964,539,-0.24527,-0.13573,0.21563,0,10,0,FALLBACK,-0.2881,0.100,0.9098,0,none
27.011,540,-0.24946,-0.07521,0.21213,0,10,0,FALLBACK,-0.2317,0.100,0.9134,0,none
27.061,541,-0.25889,-0.10744,0.22958,0,10,0,FALLBACK,-0.1584,0.100,0.9171,0,none
27.110,542,-0.27146,-0.09070,0.21542,0,10,0,FALLBACK,-0.0799,0.100,0.9208,0,none
27.163,543,-0.28505,-0.12296,0.23680,0,10,0,FALLBACK,-0.0068,0.100,0.9244,0,none
27.213,544,-0.29784,-0.09703,0.21567,0,10,0,FALLBACK,0.0532,0.100,0.9278,0,none
27.261,545,-0.30840,-0.12424,0.24889,0,10,0,FALLBACK,0.0948,0.100,0.9312,0,none
27.313,546,-0.31583,-0.08673,0.22296,0,10,0,FALLBACK,0.1163,0.100,0.9345,0,none
27.364,547,-0.31978,-0.08037,0.23841,0,10,0,FALLBACK,0.1187,0.100,0.9379,0,none
27.413,548,-0.32040,-0.11381,0.24832,0,10,0,FALLBACK,0.1051,0.100,0.9412,0,none
27.463,549,-0.31837,-0.18381,0.26653,0,10,0,FALLBACK,0.0817,0.100,0.9445,0,none
27.514,550,-0.31429,-0.16879,0.27455,0,10,0,FALLBACK,0.0511,0.100,0.9478,0,none
27.562,551,-0.30907,-0.21651,0.27788,0,10,0,FALLBACK,0.0193,0.100,0.9511,0,none
27.614,552,-0.30365,-0.13896,0.23959,0,10,0,FALLBACK,-0.0089,0.100,0.9544,0,none
27.664,553,-0.29878,-0.11193,0.25385,0,10,0,FALLBACK,-0.0304,0.100,0.9576,0,none
27.714,554,-0.29502,-0.06955,0.22340,0,10,0,FALLBACK,-0.0437,0.100,0.9607,0,none
27.762,555,-0.29278,-0.08614,0.22335,0,10,0,FALLBACK,-0.0473,0.100,0.9638,0,none
27.813,556,-0.29194,-0.13239,0.24381,0,10,0,FALLBACK,-0.0445,0.100,0.9669,0,none
27.862,557,-0.29234,-0.12265,0.24193,0,10,0,FALLBACK,-0.0363,0.100,0.9700,0,none
27.913,558,-0.29372,-0.12087,0.24320,0,10,0,FALLBACK,-0.0245,0.100,0.9730,0,none
27.964,559,-0.29560,-0.20811,0.28133,0,10,0,FALLBACK,-0.0126,0.100,0.9761,0,none
28.014,560,-0.29764,-0.17679,0.26268,0,10,0,FALLBACK,-0.0016,0.100,0.9790,0,none
28.064,561,-0.29964,-0.18808,0.24247,0,10,0,FALLBACK,0.0083,0.100,0.9820,0,none
28.113,562,-0.30125,-0.12159,0.21439,0,10,0,FALLBACK,0.0142,0.100,0.9849,0,none
28.164,563,-0.30236,-0.15264,0.21804,0,10,0,FALLBACK,0.0174,0.100,0.9878,0,none
28.214,564,-0.30290,-0.16143,0.22399,0,10,0,FALLBACK,0.0172,0.100,0.9906,0,none
28.264,565,-0.30289,-0.12525,0.20419,0,10,0,FALLBACK,0.0145,0.100,0.9934,0,none
28.315,566,-0.30243,-0.13791,0.21454,0,10,0,FALLBACK,0.0099,0.100,0.9962,0,none
28.363,567,-0.30165,-0.11317,0.21486,0,10,0,FALLBACK,0.0044,0.100,0.9990,0,none
28.413,568,-0.30072,-0.14277,0.20639,0,10,0,FALLBACK,-0.0010,0.100,1.0018,0,none
28.464,569,-0.29986,-0.16081,0.22096,0,10,0,FALLBACK,-0.0050,0.100,1.0045,0,none
28.515,570,-0.29916,-0.13893,0.19017,1,10,0,FALLBACK,-0.0077,0.100,1.0072,0,none
28.563,571,-0.29873,-0.05307,0.17470,1,10,0,FALLBACK,-0.0085,0.100,1.0098,0,none
28.614,572,-0.29857,-0.07100,0.18593,1,10,0,FALLBACK,-0.0079,0.100,1.0125,0,none
28.666,573,-0.29865,-0.09142,0.20474,0,10,0,FALLBACK,-0.0064,0.100,1.0151,0,none
28.715,574,-0.29893,-0.11205,0.20492,0,10,0,FALLBACK,-0.0040,0.100,1.0177,0,none
28.765,575,-0.29934,-0.09449,0.19873,0,10,0,FALLBACK,-0.0013,0.100,1.0202,0,none
28.816,576,-0.29976,-0.11424,0.20639,0,10,0,FALLBACK,0.0009,0.100,1.0227,0,none
28.866,577,-0.30011,-0.06878,0.18744,1,10,0,FALLBACK,0.0024,0.100,1.0252,0,none
28.917,578,-0.30039,-0.05540,0.17514,1,10,0,FALLBACK,0.0033,0.100,1.0277,0,none
28.968,579,-0.30054,-0.04455,0.19959,0,10,0,FALLBACK,0.0035,0.100,1.0302,0,none
29.019,580,-0.30057,-0.03075,0.18872,1,10,0,FALLBACK,0.0030,0.100,1.0326,0,none
29.067,581,-0.30048,-0.02328,0.19335,0,10,0,FALLBACK,0.0020,0.100,1.0350,0,none
29.115,582,-0.30031,-0.07267,0.20836,0,10,0,FALLBACK,0.0007,0.100,1.0374,0,none
29.168,583,-0.30012,-0.10315,0.20370,0,10,0,FALLBACK,-0.0003,0.100,1.0397,0,none
29.219,584,-0.28894,-0.13078,0.21605,0,10,0,FALLBACK,-0.1112,0.100,1.0421,0,none
29.269,585,-0.31153,-0.12464,0.20527,0,10,0,FALLBACK,0.1706,0.100,1.0441,0,none
29.321,586,-0.33715,-0.09641,0.16398,1,10,0,FALLBACK,0.3138,0.100,1.0452,0,none
29.366,587,-0.35111,-0.07484,0.20173,0,10,0,FALLBACK,0.3253,0.100,1.0464,0,none
29.420,588,-0.35172,-0.07014,0.19173,1,10,0,FALLBACK,0.2616,0.100,1.0480,0,none
29.469,589,-0.34357,-0.04141,0.19394,0,10,0,FALLBACK,0.1771,0.100,1.0503,0,none
29.518,590,-0.32916,-0.00705,0.18267,1,10,0,FALLBACK,0.0737,0.100,1.0526,0,none
29.570,591,-0.31176,-0.02415,0.18532,1,10,0,FALLBACK,-0.0282,0.100,1.0549,0,none
29.619,592,-0.29507,0.03495,0.19547,0,10,0,FALLBACK,-0.1081,0.100,1.0571,0,none
29.667,593,-0.28202,-0.04618,0.21331,0,10,0,FALLBACK,-0.1551,0.100,1.0591,0,none
29.719,594,-0.27444,-0.07457,0.23098,0,10,0,FALLBACK,-0.1657,0.100,1.0611,0,none
29.770,595,-0.27284,-0.07459,0.24430,0,10,0,FALLBACK,-0.1438,0.100,1.0631,0,none
29.817,596,-0.27655,-0.07169,0.24314,0,10,0,FALLBACK,-0.0987,0.100,1.0651,0,none
29.869,597,-0.28403,-0.12936,0.25836,0,10,0,FALLBACK,-0.0424,0.100,1.0672,0,none
29.920,598,-0.29330,-0.13798,0.25966,0,10,0,FALLBACK,0.0128,0.100,1.0693,0,none
29.969,599,-0.30135,-0.15327,0.27581,0,10,0,FALLBACK,0.0470,0.100,1.0712,0,none
30.020,600,-0.30776,-0.24358,0.29996,0,10,0,FALLBACK,0.0709,0.100,1.0732,0,none
30.069,601,-0.31144,-0.19494,0.29372,0,10,0,FALLBACK,0.0756,0.100,1.0751,0,none
30.121,602,-0.31239,-0.14413,0.26756,0,10,0,FALLBACK,0.0666,0.100,1.0771,0,none
30.168,603,-0.31087,-0.13496,0.28329,0,10,0,FALLBACK,0.0468,0.100,1.0790,0,none
30.219,604,-0.30785,-0.10194,0.23504,0,10,0,FALLBACK,0.0241,0.100,1.0809,0,none
30.269,605,-0.30379,-0.14503,0.26213,0,10,0,FALLBACK,-0.0013,0.100,1.0829,0,none
30.319,606,-0.29973,-0.15365,0.24957,0,10,0,FALLBACK,-0.0217,0.100,1.0848,0,none
30.372,607,-0.29634,-0.17747,0.30508,0,10,0,FALLBACK,-0.0353,0.100,1.0866,0,none
30.422,608,-0.29423,-0.23966,0.31364,0,10,0,FALLBACK,-0.0394,0.100,1.0885,0,none
30.471,609,-0.29358,-0.22311,0.29575,0,10,0,FALLBACK,-0.0354,0.100,1.0903,0,none
30.522,610,-0.29427,-0.15194,0.26089,0,10,0,FALLBACK,-0.0252,0.100,1.0921,0,none
30.573,611,-0.29598,-0.15297,0.26442,0,10,0,FALLBACK,-0.0116,0.100,1.0939,0,none
30.619,612,-0.29823,-0.16076,0.24136,0,10,0,FALLBACK,0.0024,0.100,1.0957,0,none
30.670,613,-0.30050,-0.11551,0.21245,0,10,0,FALLBACK,0.0139,0.100,1.0975,0,none
30.721,614,-0.30233,-0.14904,0.26499,0,10,0,FALLBACK,0.0208,0.100,1.0992,0,none
30.773,615,-0.30342,-0.14753,0.26543,0,10,0,FALLBACK,0.0225,0.100,1.1009,0,none
30.825,616,-0.30364,-0.19889,0.30085,0,10,0,FALLBACK,0.0193,0.100,1.1026,0,none
30.874,617,-0.30306,-0.24710,0.27180,0,10,0,FALLBACK,0.0124,0.100,1.1043,0,none
30.924,618,-0.30186,-0.15832,0.28023,0,10,0,FALLBACK,0.0033,0.100,1.1060,0,none
30.973,619,-0.30036,-0.12721,0.26260,0,10,0,FALLBACK,-0.0057,0.100,1.1076,0,none
31.025,620,-0.29890,-0.11081,0.22670,0,10,0,FALLBACK,-0.0128,0.100,1.1093,0,none
31.075,621,-0.29779,-0.13987,0.23118,0,10,0,FALLBACK,-0.0166,0.100,1.1109,0,none
31.124,622,-0.29730,-0.13420,0.31730,0,10,0,FALLBACK,-0.0159,0.100,1.1125,0,none
31.174,623,-0.29746,-0.18459,0.28815,0,10,0,FALLBACK,-0.0119,0.100,1.1141,0,none
31.223,624,-0.29814,-0.15387,0.36309,0,10,0,FALLBACK,-0.0059,0.100,1.1157,0,none
31.274,625,-0.29916,-0.30044,0.33905,0,10,0,FALLBACK,0.0009,0.100,1.1172,0,none
31.324,626,-0.30027,-0.07099,0.20522,0,10,0,FALLBACK,0.0069,0.100,1.1188,0,none
31.375,627,-0.30121,-0.09772,0.16488,1,10,0,FALLBACK,0.0107,0.100,1.1203,0,none
31.426,628,-0.30180,-0.22126,0.19978,0,10,0,FALLBACK,0.0119,0.100,1.1218,0,none
31.475,629,-0.30192,-0.11248,0.21416,0,10,0,FALLBACK,0.0102,0.100,1.1233,0,none
31.526,630,-0.30159,-0.14844,0.58262,0,10,0,FALLBACK,0.0063,0.100,1.1248,0,none
31.575,631,-0.30091,0.19048,1.76130,0,10,0,FALLBACK,0.0012,0.100,1.1262,0,none
31.624,632,-0.30007,-0.59672,1.01952,0,10,0,FALLBACK,-0.0039,0.100,1.1277,0,none
31.677,633,-0.29926,-0.62208,0.37377,0,10,0,FALLBACK,-0.0077,0.100,1.1291,1,none
31.723,634,-0.18432,-0.39155,0.32350,0,10,0,FALLBACK,-1.0000,0.100,1.1327,1,none
31.775,635,-0.29367,-0.38813,0.29515,0,10,0,FALLBACK,0.5151,0.100,1.1259,1,none
31.824,636,-0.44155,-0.36699,0.31865,0,10,0,FALLBACK,1.0000,0.100,1.0965,1,none
31.859,637,-0.55303,-0.37463,0.30688,0,10,0,FALLBACK,1.0000,0.100,1.0752,1,none
31.909,638,-0.51283,-0.37687,0.39965,0,10,0,FALLBACK,0.8631,0.100,1.0681,1,none
31.962,639,-0.42822,-0.20011,0.24786,0,10,0,FALLBACK,0.2180,0.100,1.0715,1,none
32.010,640,-0.33591,-0.09323,0.19552,0,10,0,FALLBACK,-0.2820,0.100,1.0722,1,none
32.061,641,-0.25805,-0.10877,0.19293,0,10,0,FALLBACK,-0.5991,0.100,1.0727,1,none
32.112,642,-0.20588,-0.03323,0.16286,1,10,0,FALLBACK,-0.7314,0.100,1.0695,1,none
32.161,643,-0.18183,-0.02063,0.15569,1,10,0,FALLBACK,-0.7111,0.100,1.0676,1,none
32.211,644,-0.18317,-0.01247,0.19094,1,10,0,FALLBACK,-0.5775,0.100,1.0680,1,none
32.263,645,-0.20410,-0.12327,0.24606,0,10,0,FALLBACK,-0.3749,0.100,1.0700,1,none
32.313,646,-0.23685,-0.14884,0.21493,0,10,0,FALLBACK,-0.1520,0.100,1.0728,1,none
32.363,647,-0.27112,-0.15104,0.22790,0,10,0,FALLBACK,0.0269,0.100,1.0752,1,none
32.411,648,-0.30169,-0.13660,0.20958,0,10,0,FALLBACK,0.1613,0.100,1.0770,1,none
32.460,649,-0.32503,-0.19545,0.22238,0,10,0,FALLBACK,0.2418,0.100,1.0783,1,none
32.513,650,-0.33982,-0.22222,0.28266,0,10,0,FALLBACK,0.2731,0.100,1.0797,1,none
32.563,651,-0.34442,-0.15609,0.23885,0,10,0,FALLBACK,0.2451,0.100,1.0811,1,none
32.612,652,-0.34009,-0.15746,0.24417,0,10,0,FALLBACK,0.1788,0.100,1.0829,1,none
32.664,653,-0.33008,-0.16848,0.26229,0,10,0,FALLBACK,0.1003,0.100,1.0849,1,none
32.713,654,-0.31654,-0.16867,0.24326,0,10,0,FALLBACK,0.0150,0.100,1.0869,1,none
32.763,655,-0.30251,-0.10620,0.20162,0,10,0,FALLBACK,-0.0576,0.100,1.0888,1,none
32.813,656,-0.29071,-0.15457,0.22715,0,10,0,FALLBACK,-0.1055,0.100,1.0906,1,none
32.864,657,-0.28290,-0.09560,0.20458,0,10,0,FALLBACK,-0.1245,0.100,1.0922,1,none
32.912,658,-0.27977,-0.06294,0.19285,0,10,0,FALLBACK,-0.1168,0.100,1.0939,1,none
32.963,659,-0.28101,-0.03457,0.18691,1,10,0,FALLBACK,-0.0887,0.100,1.0957,1,none
33.012,660,-0.28556,-0.01360,0.19970,0,10,0,FALLBACK,-0.0495,0.100,1.0974,1,none
33.064,661,-0.29192,-0.01267,0.19094,1,10,0,FALLBACK,-0.0085,0.100,1.0992,1,none
33.112,662,-0.29860,-0.04634,0.18043,1,10,0,FALLBACK,0.0264,0.100,1.1009,1,none
33.163,663,-0.30428,-0.04999,0.17403,1,10,0,FALLBACK,0.0498,0.100,1.1026,1,none
33.214,664,-0.30825,-0.04773,0.16885,1,10,0,FALLBACK,0.0611,0.100,1.1042,1,none
33.265,665,-0.31002,-0.04762,0.17875,1,10,0,FALLBACK,0.0590,0.100,1.1059,1,none
33.313,666,-0.30950,-0.04982,0.17197,1,10,0,FALLBACK,0.0449,0.100,1.1075,1,none
33.365,667,-0.30708,-0.06891,0.16370,1,10,0,FALLBACK,0.0233,0.100,1.1092,1,none
33.412,668,-0.30353,-0.13993,0.19433,0,10,0,FALLBACK,-0.0001,0.100,1.1108,1,none
33.465,669,-0.29974,-0.10365,0.20362,0,10,0,FALLBACK,-0.0203,0.100,1.1124,1,none
33.513,670,-0.29652,-0.09847,0.18741,1,10,0,FALLBACK,-0.0335,0.100,1.1140,1,none
33.565,671,-0.29447,-0.05320,0.17533,1,10,0,FALLBACK,-0.0379,0.100,1.1156,1,none
33.612,672,-0.29385,-0.07223,0.19037,1,10,0,FALLBACK,-0.0338,0.100,1.1171,1,none
33.663,673,-0.29461,-0.05046,0.21890,0,10,0,FALLBACK,-0.0232,0.100,1.1187,1,none
33.714,674,-0.29638,-0.06378,0.20894,0,10,0,FALLBACK,-0.0092,0.100,1.1202,1,none
33.765,675,-0.29866,-0.05730,0.18575,1,10,0,FALLBACK,0.0047,0.100,1.1217,1,none
33.814,676,-0.30090,-0.05159,0.19488,0,10,0,FALLBACK,0.0157,0.100,1.1232,1,none
33.866,677,-0.30264,-0.08265,0.21265,0,10,0,FALLBACK,0.0219,0.100,1.1247,1,none
33.917,678,-0.30357,-0.06297,0.20618,0,10,0,FALLBACK,0.0225,0.100,1.1261,1,none
33.966,679,-0.30359,-0.05916,0.21191,0,10,0,FALLBACK,0.0181,0.100,1.1276,1,none
34.015,680,-0.30282,-0.13958,0.22626,0,10,0,FALLBACK,0.0102,0.100,1.1290,1,none
34.068,681,-0.30154,-0.10377,0.24306,0,10,0,FALLBACK,0.0013,0.100,1.1304,1,none
34.115,682,-0.30008,-0.08250,0.31715,0,10,0,FALLBACK,-0.0069,0.100,1.1318,1,none
34.166,683,-0.29878,0.02038,0.28509,0,10,0,FALLBACK,-0.0126,0.100,1.1332,1,none
34.215,684,-0.29791,0.03234,0.26480,0,10,0,FALLBACK,-0.0148,0.100,1.1346,1,none
34.265,685,-0.29763,-0.09138,0.36148,0,10,0,FALLBACK,-0.0132,0.100,1.1360,1,none
34.316,686,-0.16181,-0.19858,0.37488,0,10,0,FALLBACK,-1.0000,0.100,1.1373,1,none
34.368,687,-0.28981,-0.28530,0.37948,0,10,0,FALLBACK,0.5890,0.100,1.1215,1,none
34.419,688,-0.45772,-0.45155,0.46023,0,10,0,FALLBACK,1.0000,0.100,1.0987,1,none
34.469,689,-0.57873,-0.37681,0.43538,0,10,0,FALLBACK,1.0000,0.100,1.0788,1,none
34.517,690,-0.64942,-0.32370,0.37146,0,10,0,FALLBACK,1.0000,0.100,1.0737,1,none
34.569,691,-0.55112,-0.54938,0.43912,0,10,0,FALLBACK,0.7641,0.100,1.0721,1,none
34.618,692,-0.67472,-0.74987,0.43637,0,10,0,FALLBACK,1.0000,0.100,1.0734,1,none
34.667,693,-0.77374,-0.89087,0.44779,0,10,0,FALLBACK,1.0000,0.100,1.0695,1,none
34.719,694,-0.83849,-0.65103,0.44291,0,10,0,FALLBACK,1.0000,0.100,1.0678,1,none
34.768,695,-0.87235,-0.56770,0.38788,0,10,0,FALLBACK,1.0000,0.100,1.0664,1,none
34.816,696,-0.71290,-0.48795,0.38555,0,10,0,FALLBACK,1.0000,0.100,1.0652,1,none
34.868,697,-0.79960,-0.65984,0.41201,0,10,0,FALLBACK,1.0000,0.100,1.0639,1,none
34.917,698,-0.85601,-0.75075,0.38319,0,10,0,FALLBACK,1.0000,0.100,1.0627,1,none
34.969,699,-0.88192,-0.42797,0.29764,0,10,0,FALLBACK,1.0000,0.100,1.0615,1,none
35.017,700,-0.87732,-0.34762,0.28741,0,10,0,FALLBACK,1.0000,0.100,1.0603,1,none
35.069,701,-0.84234,-0.40567,0.26382,0,10,0,FALLBACK,1.0000,0.100,1.0591,1,none
35.118,702,-0.70008,-0.42422,0.30147,0,10,0,FALLBACK,1.0000,0.100,1.0580,1,none
35.169,703,-0.71867,-0.41704,0.34288,0,10,0,FALLBACK,1.0000,0.100,1.0569,1,none
35.219,704,-0.70700,-0.19318,0.30395,0,10,0,FALLBACK,1.0000,0.100,1.0558,1,none
35.268,705,-0.66523,-0.16591,0.25545,0,10,0,FALLBACK,1.0000,0.100,1.0547,1,none
35.319,706,-0.59366,-0.19219,0.24832,0,10,0,FALLBACK,1.0000,0.100,1.0536,1,none
35.369,707,-0.39493,-0.34735,0.31452,0,10,0,FALLBACK,-0.5190,0.100,1.0526,1,none
35.419,708,-0.38446,-0.18598,0.34281,0,10,0,FALLBACK,0.3700,0.100,1.0389,1,none
35.469,709,-0.40218,-0.01820,0.29669,0,10,0,FALLBACK,0.5995,0.100,1.0306,1,none
35.519,710,-0.39681,-0.00363,0.25029,0,10,0,FALLBACK,0.4571,0.100,1.0288,1,none
35.571,711,-0.36894,-0.11738,0.34129,0,10,0,FALLBACK,0.2053,0.100,1.0304,1,none
35.621,712,-0.22547,-0.22664,0.37092,0,10,0,FALLBACK,-1.0000,0.100,1.0332,1,none
35.671,713,-0.30599,-0.32011,0.33971,0,10,0,FALLBACK,0.4326,0.100,1.0177,1,none
35.722,714,-0.42745,-0.26390,0.34342,0,10,0,FALLBACK,1.0000,0.100,0.9944,1,none
35.772,715,-0.50694,-0.15060,0.25432,0,10,0,FALLBACK,1.0000,0.100,0.9819,1,none
35.823,716,-0.54006,-0.12715,0.20753,0,10,0,FALLBACK,1.0000,0.100,0.9789,1,none
35.872,717,-0.39902,-0.30512,0.27977,0,10,0,FALLBACK,-0.2101,0.100,0.9790,1,none
35.923,718,-0.49157,-0.48313,0.33018,0,10,0,FALLBACK,1.0000,0.100,0.9697,1,none
35.972,719,-0.60819,-0.50931,0.34323,0,10,0,FALLBACK,1.0000,0.100,0.9546,1,none
36.023,720,-0.67550,-0.46681,0.29403,0,10,0,FALLBACK,1.0000,0.100,0.9476,1,none
36.073,721,-0.71389,-0.31315,0.23525,0,10,0,FALLBACK,1.0000,0.100,0.9481,1,none
36.124,722,-0.72826,-0.48618,0.27924,0,10,0,FALLBACK,1.0000,0.100,0.9488,1,none
36.174,723,-0.59891,-0.60016,0.30736,0,10,0,FALLBACK,0.8478,0.100,0.9496,1,none
36.223,724,-0.66804,-0.63979,0.32210,0,10,0,FALLBACK,1.0000,0.100,0.9521,1,none
36.275,725,-0.71784,-0.70308,0.29345,0,10,0,FALLBACK,1.0000,0.100,0.9517,1,none
36.323,726,-0.73995,-0.35187,0.28164,0,10,0,FALLBACK,1.0000,0.100,0.9519,1,none
36.375,727,-0.73736,-0.26039,0.23127,0,10,0,FALLBACK,1.0000,0.100,0.9526,1,none
36.422,728,-0.71022,-0.28596,0.24590,0,10,0,FALLBACK,1.0000,0.100,0.9533,1,none
36.474,729,-0.56459,-0.41235,0.28510,0,10,0,FALLBACK,0.5948,0.100,0.9540,1,none
36.526,730,-0.59201,-0.45939,0.25158,0,10,0,FALLBACK,1.0000,0.100,0.9569,1,none
36.576,731,-0.61332,-0.50463,0.22092,0,10,0,FALLBACK,1.0000,0.100,0.9570,1,none
36.624,732,-0.60195,-0.57483,0.28358,0,10,0,FALLBACK,1.0000,0.100,0.9537,1,none
36.673,733,-0.56382,-0.64084,0.30306,0,10,0,FALLBACK,1.0000,0.100,0.9543,1,none
36.725,734,-0.50127,-0.33623,0.26917,0,10,0,FALLBACK,0.6936,0.100,0.9550,1,none
36.774,735,-0.41504,-0.24891,0.23391,0,10,0,FALLBACK,0.1441,0.100,0.9577,1,none
36.824,736,-0.31971,-0.18454,0.20678,0,10,0,FALLBACK,-0.3781,0.100,0.9620,1,none
36.876,737,-0.23504,-0.12718,0.18797,1,10,0,FALLBACK,-0.7482,0.100,0.9628,1,none
